"","Depmun","Departamento","Dep","Superficie","Poblacion","Irural","Region","municipio"
"1","05001","Antioquia","05",374.83062476,2483545,5,"Región Eje Cafetero","Medellín"
"2","05002","Antioquia","05",507.1341142,20258,45,"Región Eje Cafetero","Abejorral"
"3","05004","Antioquia","05",296.95598007,2710,58,"Región Eje Cafetero","Abriaquí"
"4","05021","Antioquia","05",128.93215315,4669,48,"Región Eje Cafetero","Alejandría"
"5","05030","Antioquia","05",84.13247691,30777,28,"Región Eje Cafetero","Amagá"
"6","05031","Antioquia","05",1209.12687145,26552,54,"Región Eje Cafetero","Amalfi"
"7","05034","Antioquia","05",402.50256241,43713,38,"Región Eje Cafetero","Andes"
"8","05036","Antioquia","05",81.87630162,5790,37,"Región Eje Cafetero","Angelópolis"
"9","05038","Antioquia","05",338.66648207,11462,47,"Región Eje Cafetero","Angostura"
"10","05040","Antioquia","05",1413.77390426,18737,58,"Región Eje Cafetero","Anorí"
"11","05042","Antioquia","05",525.60137455,26598,45,"Región Eje Cafetero","Santa Fé De Antioquia"
"12","05044","Antioquia","05",255.9233139,7085,48,"Región Eje Cafetero","Anzá"
"13","05045","Antioquia","05",535.17237724,124647,34,"Región Eje Cafetero","Apartadó"
"14","05051","Antioquia","05",754.25190197,29942,48,"Región Eje Cafetero","Arboletes"
"15","05055","Antioquia","05",245.34178234,7577,46,"Región Eje Cafetero","Argelia"
"16","05059","Antioquia","05",110.43497498,5085,43,"Región Eje Cafetero","Armenia"
"17","05079","Antioquia","05",205.66616815,53242,32,"Región Eje Cafetero","Barbosa"
"18","05086","Antioquia","05",296.15316705,6054,51,"Región Eje Cafetero","Belmira"
"19","05088","Antioquia","05",147.75841796,538527,12,"Región Eje Cafetero","Bello"
"20","05091","Antioquia","05",180.52598682,10274,42,"Región Eje Cafetero","Betania"
"21","05093","Antioquia","05",262.36750258,15736,42,"Región Eje Cafetero","Betulia"
"22","05101","Antioquia","05",260.44610792,26160,38,"Región Eje Cafetero","Ciudad Bolívar"
"23","05107","Antioquia","05",376.3467564,8065,52,"Región Eje Cafetero","Briceño"
"24","05113","Antioquia","05",355.21025575,9502,52,"Región Eje Cafetero","Buriticá"
"25","05120","Antioquia","05",1873.80283368,29716,56,"Región Eje Cafetero","Cáceres"
"26","05125","Antioquia","05",200.12988321,8420,46,"Región Eje Cafetero","Caicedo"
"27","05129","Antioquia","05",132.75593574,81658,24,"Región Eje Cafetero","Caldas"
"28","05134","Antioquia","05",206.34334641,9202,46,"Región Eje Cafetero","Campamento"
"29","05138","Antioquia","05",364.83123014,15490,46,"Región Eje Cafetero","Cañasgordas"
"30","05142","Antioquia","05",262.79877541,4537,53,"Región Eje Cafetero","Caracolí"
"31","05145","Antioquia","05",92.05778314,4670,42,"Región Eje Cafetero","Caramanta"
"32","05147","Antioquia","05",387.27064217,49659,40,"Región Eje Cafetero","Carepa"
"33","05148","Antioquia","05",423.64519157,61122,38,"Región Eje Cafetero","El Carmen De Viboral"
"34","05150","Antioquia","05",149.580818,3954,51,"Región Eje Cafetero","Carolina"
"35","05154","Antioquia","05",1429.12197616,93044,45,"Región Eje Cafetero","Caucasia"
"36","05172","Antioquia","05",721.68264526,58684,43,"Región Eje Cafetero","Chigorodó"
"37","05190","Antioquia","05",46.93473179,9844,34,"Región Eje Cafetero","Cisneros"
"38","05197","Antioquia","05",241.76470342,15042,41,"Región Eje Cafetero","Cocorná"
"39","05206","Antioquia","05",202.05448562,4760,49,"Región Eje Cafetero","Concepción"
"40","05209","Antioquia","05",247.88039048,21504,39,"Región Eje Cafetero","Concordia"
"41","05212","Antioquia","05",67.76071731,80000,20,"Región Eje Cafetero","Copacabana"
"42","05234","Antioquia","05",1957.26270789,23255,57,"Región Eje Cafetero","Dabeiba"
"43","05237","Antioquia","05",203.33231063,19332,39,"Región Eje Cafetero","Donmatías"
"44","05240","Antioquia","05",237.77937835,12108,42,"Región Eje Cafetero","Ebéjico"
"45","05250","Antioquia","05",1560.24887159,52925,51,"Región Eje Cafetero","El Bagre"
"46","05264","Antioquia","05",214.1959458,11465,46,"Región Eje Cafetero","Entrerríos"
"47","05266","Antioquia","05",77.99670323,236114,8,"Región Eje Cafetero","Envigado"
"48","05282","Antioquia","05",258.09259898,24553,38,"Región Eje Cafetero","Fredonia"
"49","05284","Antioquia","05",1384.1313647,20657,55,"Región Eje Cafetero","Frontino"
"50","05306","Antioquia","05",93.49444129,5652,48,"Región Eje Cafetero","Giraldo"
"51","05308","Antioquia","05",82.85600095,53162,25,"Región Eje Cafetero","Girardota"
"52","05310","Antioquia","05",332.20462869,9828,48,"Región Eje Cafetero","Gómez Plata"
"53","05313","Antioquia","05",190.22512112,9870,43,"Región Eje Cafetero","Granada"
"54","05315","Antioquia","05",118.20974808,6607,45,"Región Eje Cafetero","Guadalupe"
"55","05318","Antioquia","05",151.8116382,56774,30,"Región Eje Cafetero","Guarne"
"56","05321","Antioquia","05",83.32688921,8548,41,"Región Eje Cafetero","Guatapé"
"57","05347","Antioquia","05",114.84882851,5400,41,"Región Eje Cafetero","Heliconia"
"58","05353","Antioquia","05",57.52160128,5530,39,"Región Eje Cafetero","Hispania"
"59","05360","Antioquia","05",19.64955524,283794,0,"Región Eje Cafetero","Itagüí"
"60","05361","Antioquia","05",2841.11608867,27419,58,"Región Eje Cafetero","Ituango"
"61","05364","Antioquia","05",201.16256166,14662,41,"Región Eje Cafetero","Jardín"
"62","05368","Antioquia","05",205.00067523,13637,41,"Región Eje Cafetero","Jericó"
"63","05376","Antioquia","05",132.71495274,66746,28,"Región Eje Cafetero","La Ceja"
"64","05380","Antioquia","05",36.63179449,73696,16,"Región Eje Cafetero","La Estrella"
"65","05390","Antioquia","05",54.29631115,8298,36,"Región Eje Cafetero","La Pintada"
"66","05400","Antioquia","05",167.73965985,21963,37,"Región Eje Cafetero","La Unión"
"67","05411","Antioquia","05",216.41644317,10040,46,"Región Eje Cafetero","Liborina"
"68","05425","Antioquia","05",387.10137584,8218,53,"Región Eje Cafetero","Maceo"
"69","05440","Antioquia","05",114.87120133,66399,27,"Región Eje Cafetero","Marinilla"
"70","05467","Antioquia","05",76.02845245,6635,37,"Región Eje Cafetero","Montebello"
"71","05475","Antioquia","05",1266.20138253,5088,68,"Región Eje Cafetero","Murindó"
"72","05480","Antioquia","05",1075.17282089,14196,57,"Región Eje Cafetero","Mutatá"
"73","05483","Antioquia","05",316.76741824,9997,44,"Región Eje Cafetero","Nariño"
"74","05490","Antioquia","05",1255.54393569,43257,49,"Región Eje Cafetero","Necoclí"
"75","05495","Antioquia","05",937.32294501,26652,53,"Región Eje Cafetero","Nechí"
"76","05501","Antioquia","05",86.98619201,3150,47,"Región Eje Cafetero","Olaya"
"77","05541","Antioquia","05",118.31434977,21427,37,"Región Eje Cafetero","Peñol"
"78","05543","Antioquia","05",434.06904339,8186,52,"Región Eje Cafetero","Peque"
"79","05576","Antioquia","05",75.43285986,8681,37,"Región Eje Cafetero","Pueblorrico"
"80","05579","Antioquia","05",1220.10917421,40048,49,"Región Eje Cafetero","Puerto Berrío"
"81","05585","Antioquia","05",669.29146921,14384,50,"Región Eje Cafetero","Puerto Nare"
"82","05591","Antioquia","05",369.55676202,18550,46,"Región Eje Cafetero","Puerto Triunfo"
"83","05604","Antioquia","05",1989.19130969,29061,57,"Región Eje Cafetero","Remedios"
"84","05607","Antioquia","05",243.60002783,24185,40,"Región Eje Cafetero","Retiro"
"85","05615","Antioquia","05",195.94014889,139553,24,"Región Eje Cafetero","Rionegro"
"86","05628","Antioquia","05",265.76441601,9155,49,"Región Eje Cafetero","Sabanalarga"
"87","05631","Antioquia","05",15.83531904,85484,10,"Región Eje Cafetero","Sabaneta"
"88","05642","Antioquia","05",288.23494211,18218,42,"Región Eje Cafetero","Salgar"
"89","05647","Antioquia","05",218.72661072,7240,48,"Región Eje Cafetero","San Andrés De Cuerquía"
"90","05649","Antioquia","05",717.81457076,15940,51,"Región Eje Cafetero","San Carlos"
"91","05652","Antioquia","05",356.33907493,5776,52,"Región Eje Cafetero","San Francisco"
"92","05656","Antioquia","05",161.26572012,15710,40,"Región Eje Cafetero","San Jerónimo"
"93","05658","Antioquia","05",126.07358378,3706,50,"Región Eje Cafetero","San José De La Montaña"
"94","05659","Antioquia","05",251.99693536,20549,43,"Región Eje Cafetero","San Juan De Urabá"
"95","05660","Antioquia","05",425.61907424,13035,51,"Región Eje Cafetero","San Luis"
"96","05664","Antioquia","05",220.94427439,22447,38,"Región Eje Cafetero","San Pedro De Los Milagros"
"97","05665","Antioquia","05",602.53315431,31571,46,"Región Eje Cafetero","San Pedro De Urabá"
"98","05667","Antioquia","05",363.92865829,15632,47,"Región Eje Cafetero","San Rafael"
"99","05670","Antioquia","05",424.85489769,21533,46,"Región Eje Cafetero","San Roque"
"100","05674","Antioquia","05",230.49117392,22258,39,"Región Eje Cafetero","San Vicente Ferrer"
"101","05679","Antioquia","05",196.16974628,26944,36,"Región Eje Cafetero","Santa Bárbara"
"102","05686","Antioquia","05",864.77891437,37143,47,"Región Eje Cafetero","Santa Rosa De Osos"
"103","05690","Antioquia","05",265.95072004,12326,45,"Región Eje Cafetero","Santo Domingo"
"104","05697","Antioquia","05",83.45109381,36043,28,"Región Eje Cafetero","El Santuario"
"105","05736","Antioquia","05",1127.32687972,38692,50,"Región Eje Cafetero","Segovia"
"106","05756","Antioquia","05",1346.39714434,36394,48,"Región Eje Cafetero","Sonsón"
"107","05761","Antioquia","05",219.07191325,15293,42,"Región Eje Cafetero","Sopetrán"
"108","05789","Antioquia","05",252.23974404,16193,41,"Región Eje Cafetero","Támesis"
"109","05790","Antioquia","05",1148.98499304,27517,54,"Región Eje Cafetero","Tarazá"
"110","05792","Antioquia","05",120.47906214,6194,42,"Región Eje Cafetero","Tarso"
"111","05809","Antioquia","05",140.34578815,10716,38,"Región Eje Cafetero","Titiribí"
"112","05819","Antioquia","05",122.57841669,5005,46,"Región Eje Cafetero","Toledo"
"113","05837","Antioquia","05",2919.53532994,127565,48,"Región Eje Cafetero","Turbo"
"114","05842","Antioquia","05",265.93037264,6875,49,"Región Eje Cafetero","Uramita"
"115","05847","Antioquia","05",2563.39722765,30484,54,"Región Eje Cafetero","Urrao"
"116","05854","Antioquia","05",567.70263561,13950,50,"Región Eje Cafetero","Valdivia"
"117","05856","Antioquia","05",126.17475786,6462,43,"Región Eje Cafetero","Valparaíso"
"118","05858","Antioquia","05",524.95500916,11910,52,"Región Eje Cafetero","Vegachí"
"119","05861","Antioquia","05",139.67431059,11636,38,"Región Eje Cafetero","Venecia"
"120","05873","Antioquia","05",1661.85288067,9265,67,"Región Eje Cafetero","Vigía Del Fuerte"
"121","05885","Antioquia","05",440.85831184,7630,54,"Región Eje Cafetero","Yalí"
"122","05887","Antioquia","05",738.25626326,42116,45,"Región Eje Cafetero","Yarumal"
"123","05890","Antioquia","05",1012.5146203,23050,53,"Región Eje Cafetero","Yolombó"
"124","05893","Antioquia","05",1894.98748943,19624,59,"Región Eje Cafetero","Yondó"
"125","05895","Antioquia","05",1167.35761591,25210,53,"Región Eje Cafetero","Zaragoza"
"126","08001","Atlántico","08",154.20207902,1243056,3,"Región Caribe","Barranquilla"
"127","08078","Atlántico","08",121.34712432,64949,26,"Región Caribe","Baranoa"
"128","08137","Atlántico","08",99.99500657,23230,34,"Región Caribe","Campo De La Cruz"
"129","08141","Atlántico","08",135.7690644,16648,39,"Región Caribe","Candelaria"
"130","08296","Atlántico","08",97.51307157,64260,28,"Región Caribe","Galapa"
"131","08372","Atlántico","08",167.93048227,21971,39,"Región Caribe","Juan De Acosta"
"132","08421","Atlántico","08",224.32105579,29348,38,"Región Caribe","Luruaco"
"133","08433","Atlántico","08",97.94233728,134468,19,"Región Caribe","Malambo"
"134","08436","Atlántico","08",214.27303319,20698,42,"Región Caribe","Manatí"
"135","08520","Atlántico","08",92.33826091,30094,29,"Región Caribe","Palmar De Varela"
"136","08549","Atlántico","08",252.97468793,6873,51,"Región Caribe","Piojó"
"137","08558","Atlántico","08",73.86433128,18941,32,"Región Caribe","Polonuevo"
"138","08560","Atlántico","08",206.53519105,24877,38,"Región Caribe","Ponedera"
"139","08573","Atlántico","08",70.56709254,51695,27,"Región Caribe","Puerto Colombia"
"140","08606","Atlántico","08",358.54030648,27249,41,"Región Caribe","Repelón"
"141","08634","Atlántico","08",43.11113256,33858,23,"Región Caribe","Sabanagrande"
"142","08638","Atlántico","08",395.87438012,97005,32,"Región Caribe","Sabanalarga"
"143","08675","Atlántico","08",57.36635532,16624,33,"Región Caribe","Santa Lucía"
"144","08685","Atlántico","08",65.00300596,31027,28,"Región Caribe","Santo Tomás"
"145","08758","Atlántico","08",59.35835745,638065,4,"Región Caribe","Soledad"
"146","08770","Atlántico","08",42.55805817,12282,32,"Región Caribe","Suan"
"147","08832","Atlántico","08",182.9895582,18190,41,"Región Caribe","Tubará"
"148","08849","Atlántico","08",101.37813271,12743,39,"Región Caribe","Usiacurí"
"149","11001","Santa Fe de Bogotá D.C.","11",1622.85260469,7592871,6,"Región Centro Oriente","Bogotá. D.c."
"150","13001","Bolívar","13",597.68101163,1003685,18,"Región Caribe","Cartagena De Indias"
"151","13006","Bolívar","13",951.76583131,24610,54,"Región Caribe","Achí"
"152","13030","Bolívar","13",303.74622699,11309,49,"Región Caribe","Altos Del Rosario"
"153","13042","Bolívar","13",461.93228344,7590,50,"Región Caribe","Arenal"
"154","13052","Bolívar","13",589.57701537,71837,38,"Región Caribe","Arjona"
"155","13062","Bolívar","13",163.80837577,8504,44,"Región Caribe","Arroyohondo"
"156","13074","Bolívar","13",430.7368606,14996,50,"Región Caribe","Barranco De Loba"
"157","13140","Bolívar","13",255.35331939,22794,41,"Región Caribe","Calamar"
"158","13160","Bolívar","13",881.48321743,8488,59,"Región Caribe","Cantagallo"
"159","13188","Bolívar","13",133.17933326,13903,41,"Región Caribe","Cicuco"
"160","13212","Bolívar","13",597.31809782,16225,51,"Región Caribe","Córdoba"
"161","13222","Bolívar","13",85.37593328,15014,36,"Región Caribe","Clemencia"
"162","13244","Bolívar","13",946.27376344,71428,42,"Región Caribe","El Carmen De Bolívar"
"163","13248","Bolívar","13",383.17338739,8825,52,"Región Caribe","El Guamo"
"164","13268","Bolívar","13",318.9348519,7884,52,"Región Caribe","El Peñón"
"165","13300","Bolívar","13",194.33101468,12699,44,"Región Caribe","Hatillo De Loba"
"166","13430","Bolívar","13",1129.96283733,137030,39,"Región Caribe","Magangué"
"167","13433","Bolívar","13",432.18034127,28602,43,"Región Caribe","Mahates"
"168","13440","Bolívar","13",293.68335547,10913,50,"Región Caribe","Margarita"
"169","13442","Bolívar","13",559.91784324,47389,40,"Región Caribe","María La Baja"
"170","13458","Bolívar","13",2092.81355819,17017,61,"Región Caribe","Montecristo"
"171","13468","Bolívar","13",652.14257901,45498,44,"Región Caribe","Santa Cruz De Mompox"
"172","13473","Bolívar","13",1347.5998537,22846,57,"Región Caribe","Morales"
"173","13549","Bolívar","13",775.56872544,24433,51,"Región Caribe","Pinillos"
"174","13580","Bolívar","13",183.45268918,6983,47,"Región Caribe","Regidor"
"175","13600","Bolívar","13",845.23649259,10638,53,"Región Caribe","Río Viejo"
"176","13620","Bolívar","13",42.2688054,8330,35,"Región Caribe","San Cristóbal"
"177","13647","Bolívar","13",211.63925667,18729,41,"Región Caribe","San Estanislao"
"178","13650","Bolívar","13",317.3249881,12813,48,"Región Caribe","San Fernando"
"179","13654","Bolívar","13",442.91599064,24232,45,"Región Caribe","San Jacinto"
"180","13655","Bolívar","13",569.95070071,10305,54,"Región Caribe","San Jacinto Del Cauca"
"181","13657","Bolívar","13",631.22474109,37765,44,"Región Caribe","San Juan Nepomuceno"
"182","13667","Bolívar","13",450.19812675,14792,51,"Región Caribe","San Martín De Loba"
"183","13670","Bolívar","13",2021.0359913,28043,56,"Región Caribe","San Pablo"
"184","13673","Bolívar","13",172.77422027,14747,41,"Región Caribe","Santa Catalina"
"185","13683","Bolívar","13",154.67224223,21766,37,"Región Caribe","Santa Rosa"
"186","13688","Bolívar","13",2382.7823713,33701,56,"Región Caribe","Santa Rosa Del Sur"
"187","13744","Bolívar","13",1354.65972673,18678,57,"Región Caribe","Simití"
"188","13760","Bolívar","13",92.60413437,10733,39,"Región Caribe","Soplaviento"
"189","13780","Bolívar","13",249.3051513,13106,46,"Región Caribe","Talaigua Nuevo"
"190","13810","Bolívar","13",762.80877801,18584,52,"Región Caribe","Tiquisio"
"191","13836","Bolívar","13",201.98114245,109813,30,"Región Caribe","Turbaco"
"192","13838","Bolívar","13",191.15515136,16954,40,"Región Caribe","Turbaná"
"193","13873","Bolívar","13",137.126414,24581,37,"Región Caribe","Villanueva"
"194","13894","Bolívar","13",309.15321,12113,47,"Región Caribe","Zambrano"
"195","15001","Boyaca","15",119.68891815,176347,20,"Región Centro Oriente","Tunja"
"196","15022","Boyaca","15",57.67211917,1845,46,"Región Centro Oriente","Almeida"
"197","15047","Boyaca","15",942.14656272,15460,54,"Región Centro Oriente","Aquitania"
"198","15051","Boyaca","15",137.89858803,5911,48,"Región Centro Oriente","Arcabuco"
"199","15087","Boyaca","15",163.08822003,7500,45,"Región Centro Oriente","Belén"
"200","15090","Boyaca","15",58.01301631,1587,49,"Región Centro Oriente","Berbeo"
"201","15092","Boyaca","15",101.89954848,1943,51,"Región Centro Oriente","Betéitiva"
"202","15097","Boyaca","15",145.3052912,4888,45,"Región Centro Oriente","Boavita"
"203","15104","Boyaca","15",48.02286793,5103,39,"Región Centro Oriente","Boyacá"
"204","15106","Boyaca","15",64.59970295,2175,46,"Región Centro Oriente","Briceño"
"205","15109","Boyaca","15",110.15675651,4396,45,"Región Centro Oriente","Buenavista"
"206","15114","Boyaca","15",25.35271463,1138,49,"Región Centro Oriente","Busbanzá"
"207","15131","Boyaca","15",78.96557418,3127,45,"Región Centro Oriente","Caldas"
"208","15135","Boyaca","15",298.72837929,3082,55,"Región Centro Oriente","Campohermoso"
"209","15162","Boyaca","15",63.57858191,3703,43,"Región Centro Oriente","Cerinza"
"210","15172","Boyaca","15",136.37345653,3198,49,"Región Centro Oriente","Chinavita"
"211","15176","Boyaca","15",165.01366942,57101,31,"Región Centro Oriente","Chiquinquirá"
"212","15180","Boyaca","15",658.81489814,3924,60,"Región Centro Oriente","Chiscas"
"213","15183","Boyaca","15",677.37700246,7881,56,"Región Centro Oriente","Chita"
"214","15185","Boyaca","15",158.53472168,5843,47,"Región Centro Oriente","Chitaraque"
"215","15187","Boyaca","15",49.53234015,2812,40,"Región Centro Oriente","Chivatá"
"216","15189","Boyaca","15",53.99242241,4642,40,"Región Centro Oriente","Ciénega"
"217","15204","Boyaca","15",145.27595481,13140,41,"Región Centro Oriente","Cómbita"
"218","15212","Boyaca","15",149.86972672,3585,50,"Región Centro Oriente","Coper"
"219","15215","Boyaca","15",60.85143191,2523,47,"Región Centro Oriente","Corrales"
"220","15218","Boyaca","15",102.43132247,2742,49,"Región Centro Oriente","Covarachía"
"221","15223","Boyaca","15",1177.6146102,10563,64,"Región Centro Oriente","Cubará"
"222","15224","Boyaca","15",42.12806645,3759,39,"Región Centro Oriente","Cucaita"
"223","15226","Boyaca","15",44.13326992,1804,47,"Región Centro Oriente","Cuítiva"
"224","15232","Boyaca","15",116.5118127,4713,45,"Región Centro Oriente","Chíquiza"
"225","15236","Boyaca","15",108.6796408,2504,51,"Región Centro Oriente","Chivor"
"226","15238","Boyaca","15",234.02439254,124780,28,"Región Centro Oriente","Duitama"
"227","15244","Boyaca","15",238.34461943,4150,52,"Región Centro Oriente","El Cocuy"
"228","15248","Boyaca","15",69.40066627,3054,45,"Región Centro Oriente","El Espino"
"229","15272","Boyaca","15",109.34059509,6737,45,"Región Centro Oriente","Firavitoba"
"230","15276","Boyaca","15",88.12845643,3240,45,"Región Centro Oriente","Floresta"
"231","15293","Boyaca","15",88.16642732,2779,48,"Región Centro Oriente","Gachantivá"
"232","15296","Boyaca","15",123.68161708,4845,47,"Región Centro Oriente","Gámeza"
"233","15299","Boyaca","15",193.51249105,18144,41,"Región Centro Oriente","Garagoa"
"234","15317","Boyaca","15",57.65232987,1843,49,"Región Centro Oriente","Guacamayas"
"235","15322","Boyaca","15",36.13928524,10809,31,"Región Centro Oriente","Guateque"
"236","15325","Boyaca","15",99.96683864,3387,42,"Región Centro Oriente","Guayatá"
"237","15332","Boyaca","15",952.2178782,4285,61,"Región Centro Oriente","Güicán De La Sierra"
"238","15362","Boyaca","15",34.24778273,1972,44,"Región Centro Oriente","Iza"
"239","15367","Boyaca","15",59.00829053,7274,38,"Región Centro Oriente","Jenesano"
"240","15368","Boyaca","15",131.73689116,3900,49,"Región Centro Oriente","Jericó"
"241","15377","Boyaca","15",581.27677009,3501,60,"Región Centro Oriente","Labranzagrande"
"242","15380","Boyaca","15",56.9311693,2686,44,"Región Centro Oriente","La Capilla"
"243","15401","Boyaca","15",28.00521775,1118,44,"Región Centro Oriente","La Victoria"
"244","15403","Boyaca","15",161.56318622,2831,52,"Región Centro Oriente","La Uvita"
"245","15407","Boyaca","15",126.58841271,16617,40,"Región Centro Oriente","Villa De Leyva"
"246","15425","Boyaca","15",199.96600559,5027,51,"Región Centro Oriente","Macanal"
"247","15442","Boyaca","15",160.68478941,5697,45,"Región Centro Oriente","Maripí"
"248","15455","Boyaca","15",258.7141808,8937,47,"Región Centro Oriente","Miraflores"
"249","15464","Boyaca","15",360.37714728,4620,55,"Región Centro Oriente","Mongua"
"250","15466","Boyaca","15",68.85476038,4266,43,"Región Centro Oriente","Monguí"
"251","15469","Boyaca","15",218.27905548,22821,40,"Región Centro Oriente","Moniquirá"
"252","15476","Boyaca","15",60.044097,5641,39,"Región Centro Oriente","Motavita"
"253","15480","Boyaca","15",137.87412732,8466,42,"Región Centro Oriente","Muzo"
"254","15491","Boyaca","15",55.42547563,16238,32,"Región Centro Oriente","Nobsa"
"255","15494","Boyaca","15",51.39679736,5172,38,"Región Centro Oriente","Nuevo Colón"
"256","15500","Boyaca","15",60.30217623,2858,46,"Región Centro Oriente","Oicatá"
"257","15507","Boyaca","15",475.04006737,8002,53,"Región Centro Oriente","Otanche"
"258","15511","Boyaca","15",66.69016938,2447,45,"Región Centro Oriente","Pachavita"
"259","15514","Boyaca","15",339.06908334,3256,58,"Región Centro Oriente","Páez"
"260","15516","Boyaca","15",305.10919497,34177,41,"Región Centro Oriente","Paipa"
"261","15518","Boyaca","15",313.68257433,2400,61,"Región Centro Oriente","Pajarito"
"262","15522","Boyaca","15",39.7152486,1702,47,"Región Centro Oriente","Panqueba"
"263","15531","Boyaca","15",252.62872292,7198,48,"Región Centro Oriente","Pauna"
"264","15533","Boyaca","15",443.81045736,2616,63,"Región Centro Oriente","Paya"
"265","15537","Boyaca","15",122.69950912,4228,47,"Región Centro Oriente","Paz De Río"
"266","15542","Boyaca","15",263.09258436,6765,49,"Región Centro Oriente","Pesca"
"267","15550","Boyaca","15",464.9507465,1779,68,"Región Centro Oriente","Pisba"
"268","15572","Boyaca","15",1513.60103664,47600,49,"Región Centro Oriente","Puerto Boyacá"
"269","15580","Boyaca","15",167.32685905,4939,44,"Región Centro Oriente","Quípama"
"270","15599","Boyaca","15",125.68380229,9988,41,"Región Centro Oriente","Ramiriquí"
"271","15600","Boyaca","15",220.66637028,7958,44,"Región Centro Oriente","Ráquira"
"272","15621","Boyaca","15",206.36342967,2384,53,"Región Centro Oriente","Rondón"
"273","15632","Boyaca","15",248.65196199,13728,45,"Región Centro Oriente","Saboyá"
"274","15638","Boyaca","15",63.92725829,5578,44,"Región Centro Oriente","Sáchica"
"275","15646","Boyaca","15",167.5862368,18588,40,"Región Centro Oriente","Samacá"
"276","15660","Boyaca","15",109.46960177,1676,53,"Región Centro Oriente","San Eduardo"
"277","15664","Boyaca","15",74.40355031,4989,42,"Región Centro Oriente","San José De Pare"
"278","15667","Boyaca","15",469.84549583,5476,55,"Región Centro Oriente","San Luis De Gaceno"
"279","15673","Boyaca","15",123.87947184,3204,48,"Región Centro Oriente","San Mateo"
"280","15676","Boyaca","15",93.99806905,3006,45,"Región Centro Oriente","San Miguel De Sema"
"281","15681","Boyaca","15",195.90435681,6664,44,"Región Centro Oriente","San Pablo De Borbur"
"282","15686","Boyaca","15",67.9638235,7643,40,"Región Centro Oriente","Santana"
"283","15690","Boyaca","15",309.65967352,3518,54,"Región Centro Oriente","Santa María"
"284","15693","Boyaca","15",116.70609242,13205,40,"Región Centro Oriente","Santa Rosa De Viterbo"
"285","15696","Boyaca","15",77.56281644,3195,47,"Región Centro Oriente","Santa Sofía"
"286","15720","Boyaca","15",161.31016461,2177,54,"Región Centro Oriente","Sativanorte"
"287","15723","Boyaca","15",54.88468108,1100,51,"Región Centro Oriente","Sativasur"
"288","15740","Boyaca","15",119.22296697,6747,44,"Región Centro Oriente","Siachoque"
"289","15753","Boyaca","15",123.09543776,8908,43,"Región Centro Oriente","Soatá"
"290","15755","Boyaca","15",603.58638786,7231,55,"Región Centro Oriente","Socotá"
"291","15757","Boyaca","15",150.15200342,8018,46,"Región Centro Oriente","Socha"
"292","15759","Boyaca","15",208.30587404,129346,27,"Región Centro Oriente","Sogamoso"
"293","15761","Boyaca","15",58.79505007,2887,41,"Región Centro Oriente","Somondoco"
"294","15762","Boyaca","15",47.84502378,3050,44,"Región Centro Oriente","Sora"
"295","15763","Boyaca","15",285.29380791,8237,49,"Región Centro Oriente","Sotaquirá"
"296","15764","Boyaca","15",55.75775305,6015,40,"Región Centro Oriente","Soracá"
"297","15774","Boyaca","15",182.70313713,2704,53,"Región Centro Oriente","Susacón"
"298","15776","Boyaca","15",103.50533623,6164,44,"Región Centro Oriente","Sutamarchán"
"299","15778","Boyaca","15",41.12701065,4224,38,"Región Centro Oriente","Sutatenza"
"300","15790","Boyaca","15",209.69811173,5823,49,"Región Centro Oriente","Tasco"
"301","15798","Boyaca","15",45.86408254,3828,39,"Región Centro Oriente","Tenza"
"302","15804","Boyaca","15",121.83265484,9085,42,"Región Centro Oriente","Tibaná"
"303","15806","Boyaca","15",93.75675416,13196,38,"Región Centro Oriente","Tibasosa"
"304","15808","Boyaca","15",79.7514018,3313,49,"Región Centro Oriente","Tinjacá"
"305","15810","Boyaca","15",71.94767125,3299,45,"Región Centro Oriente","Tipacoque"
"306","15814","Boyaca","15",168.25186277,8831,44,"Región Centro Oriente","Toca"
"307","15816","Boyaca","15",101.44312446,4330,47,"Región Centro Oriente","Togüí"
"308","15820","Boyaca","15",33.62952821,3660,40,"Región Centro Oriente","Tópaga"
"309","15822","Boyaca","15",196.04606101,5206,50,"Región Centro Oriente","Tota"
"310","15832","Boyaca","15",29.22130806,1559,48,"Región Centro Oriente","Tununguá"
"311","15835","Boyaca","15",79.70660437,6131,40,"Región Centro Oriente","Turmequé"
"312","15837","Boyaca","15",165.33038307,8369,45,"Región Centro Oriente","Tuta"
"313","15839","Boyaca","15",122.00950202,2037,54,"Región Centro Oriente","Tutazá"
"314","15842","Boyaca","15",146.0853498,7534,42,"Región Centro Oriente","Úmbita"
"315","15861","Boyaca","15",160.01150448,15920,40,"Región Centro Oriente","Ventaquemada"
"316","15879","Boyaca","15",62.58114464,2817,45,"Región Centro Oriente","Viracachá"
"317","15897","Boyaca","15",251.50506514,4621,52,"Región Centro Oriente","Zetaquira"
"318","17001","Caldas","17",441.00165521,440608,20,"Región Eje Cafetero","Manizales"
"319","17013","Caldas","17",475.73266398,22907,43,"Región Eje Cafetero","Aguadas"
"320","17042","Caldas","17",209.14267671,36405,33,"Región Eje Cafetero","Anserma"
"321","17050","Caldas","17",149.5767563,10533,39,"Región Eje Cafetero","Aranzazu"
"322","17088","Caldas","17",113.34668528,10634,37,"Región Eje Cafetero","Belalcázar"
"323","17174","Caldas","17",109.37265837,51773,24,"Región Eje Cafetero","Chinchiná"
"324","17272","Caldas","17",192.60136678,11399,41,"Región Eje Cafetero","Filadelfia"
"325","17380","Caldas","17",549.23634105,72972,37,"Región Eje Cafetero","La Dorada"
"326","17388","Caldas","17",88.6003592,5916,40,"Región Eje Cafetero","La Merced"
"327","17433","Caldas","17",197.91188654,17805,37,"Región Eje Cafetero","Manzanares"
"328","17442","Caldas","17",36.88602204,9035,32,"Región Eje Cafetero","Marmato"
"329","17444","Caldas","17",90.33303734,13368,35,"Región Eje Cafetero","Marquetalia"
"330","17446","Caldas","17",376.95952271,2565,56,"Región Eje Cafetero","Marulanda"
"331","17486","Caldas","17",369.34275305,21040,39,"Región Eje Cafetero","Neira"
"332","17495","Caldas","17",227.5466889,6075,49,"Región Eje Cafetero","Norcasia"
"333","17513","Caldas","17",257.12020167,15296,42,"Región Eje Cafetero","Pácora"
"334","17524","Caldas","17",112.230143,15598,33,"Región Eje Cafetero","Palestina"
"335","17541","Caldas","17",498.54510758,19781,43,"Región Eje Cafetero","Pensilvania"
"336","17614","Caldas","17",384.1694705,51371,35,"Región Eje Cafetero","Riosucio"
"337","17616","Caldas","17",89.8893734,10640,36,"Región Eje Cafetero","Risaralda"
"338","17653","Caldas","17",388.08933444,19387,43,"Región Eje Cafetero","Salamina"
"339","17662","Caldas","17",758.17528641,20116,47,"Región Eje Cafetero","Samaná"
"340","17665","Caldas","17",60.94262259,4875,36,"Región Eje Cafetero","San José"
"341","17777","Caldas","17",121.61157198,29021,32,"Región Eje Cafetero","Supía"
"342","17867","Caldas","17",558.88528479,10255,54,"Región Eje Cafetero","Victoria"
"343","17873","Caldas","17",455.0658332,66189,37,"Región Eje Cafetero","Villamaría"
"344","17877","Caldas","17",112.90636922,12780,36,"Región Eje Cafetero","Viterbo"
"345","18001","Caquetá","18",2547.63753226,170764,46,"Región Centro Sur","Florencia"
"346","18029","Caquetá","18",414.12207019,4491,57,"Región Centro Sur","Albania"
"347","18094","Caquetá","18",1191.61857163,11102,60,"Región Centro Sur","Belén De Los Andaquíes"
"348","18150","Caquetá","18",12785.6187892,30778,73,"Región Centro Sur","Cartagena Del Chairá"
"349","18205","Caquetá","18",403.35824943,7683,54,"Región Centro Sur","Curillo"
"350","18247","Caquetá","18",1106.0761511,19256,54,"Región Centro Sur","El Doncello"
"351","18256","Caquetá","18",1234.73414492,18251,57,"Región Centro Sur","El Paujíl"
"352","18410","Caquetá","18",1701.06142971,14662,58,"Región Centro Sur","La Montañita"
"353","18460","Caquetá","18",1220.57599924,9838,61,"Región Centro Sur","Milán"
"354","18479","Caquetá","18",462.47959066,3718,62,"Región Centro Sur","Morelia"
"355","18592","Caquetá","18",4146.39715969,26329,61,"Región Centro Sur","Puerto Rico"
"356","18610","Caquetá","18",1304.76900624,12949,59,"Región Centro Sur","San José Del Fragua"
"357","18753","Caquetá","18",17464.6343678,51714,69,"Región Centro Sur","San Vicente Del Caguán"
"358","18756","Caquetá","18",42312.7836103,11359,87,"Región Centro Sur","Solano"
"359","18785","Caquetá","18",476.93147286,6280,58,"Región Centro Sur","Solita"
"360","18860","Caquetá","18",1330.21001503,6968,60,"Región Centro Sur","Valparaíso"
"361","19001","Cauca","19",480.17974332,321991,27,"Región Pacífico","Popayán"
"362","19022","Cauca","19",236.7148308,18263,42,"Región Pacífico","Almaguer"
"363","19050","Cauca","19",775.78782612,26376,50,"Región Pacífico","Argelia"
"364","19075","Cauca","19",413.21119743,21270,46,"Región Pacífico","Balboa"
"365","19100","Cauca","19",797.82025554,37327,46,"Región Pacífico","Bolívar"
"366","19110","Cauca","19",435.02879869,31754,38,"Región Pacífico","Buenos Aires"
"367","19130","Cauca","19",552.27861171,42439,44,"Región Pacífico","Cajibío"
"368","19137","Cauca","19",354.73865334,40898,41,"Región Pacífico","Caldono"
"369","19142","Cauca","19",266.56458831,30143,37,"Región Pacífico","Caloto"
"370","19212","Cauca","19",325.91558067,25342,40,"Región Pacífico","Corinto"
"371","19256","Cauca","19",2739.59890644,53840,55,"Región Pacífico","El Tambo"
"372","19290","Cauca","19",56.65263631,5254,41,"Región Pacífico","Florencia"
"373","19318","Cauca","19",2567.94927079,27619,59,"Región Pacífico","Guapi"
"374","19355","Cauca","19",866.31206859,29170,49,"Región Pacífico","Inzá"
"375","19364","Cauca","19",234.44755746,18240,43,"Región Pacífico","Jambaló"
"376","19392","Cauca","19",208.35441987,10674,46,"Región Pacífico","La Sierra"
"377","19397","Cauca","19",516.0748807,24542,43,"Región Pacífico","La Vega"
"378","19418","Cauca","19",3367.56736383,18761,63,"Región Pacífico","López De Micay"
"379","19450","Cauca","19",697.98138533,22901,52,"Región Pacífico","Mercaderes"
"380","19455","Cauca","19",189.68431355,31733,34,"Región Pacífico","Miranda"
"381","19473","Cauca","19",511.47772753,39516,46,"Región Pacífico","Morales"
"382","19513","Cauca","19",69.68342538,9953,38,"Región Pacífico","Padilla"
"383","19517","Cauca","19",1793.14388826,46278,53,"Región Pacífico","Páez"
"384","19532","Cauca","19",755.29108288,37183,48,"Región Pacífico","Patía"
"385","19533","Cauca","19",1104.75169652,9004,63,"Región Pacífico","Piamonte"
"386","19548","Cauca","19",181.26962982,41362,35,"Región Pacífico","Piendamó - Tunía"
"387","19573","Cauca","19",109.12329128,41648,28,"Región Pacífico","Puerto Tejada"
"388","19585","Cauca","19",848.32330826,17423,50,"Región Pacífico","Puracé"
"389","19622","Cauca","19",169.0917445,11495,43,"Región Pacífico","Rosas"
"390","19693","Cauca","19",419.03490454,11004,50,"Región Pacífico","San Sebastián"
"391","19698","Cauca","19",518.19747613,111789,36,"Región Pacífico","Santander De Quilichao"
"392","19701","Cauca","19",3619.37102599,5354,70,"Región Pacífico","Santa Rosa"
"393","19743","Cauca","19",680.9915665,37713,45,"Región Pacífico","Silvia"
"394","19760","Cauca","19",515.94418589,14079,50,"Región Pacífico","Sotará Paispamba"
"395","19780","Cauca","19",392.38570876,32226,49,"Región Pacífico","Suárez"
"396","19785","Cauca","19",135.87329611,9582,44,"Región Pacífico","Sucre"
"397","19807","Cauca","19",201.29270219,35895,37,"Región Pacífico","Timbío"
"398","19809","Cauca","19",2057.70619339,26363,59,"Región Pacífico","Timbiquí"
"399","19821","Cauca","19",492.14116839,36016,44,"Región Pacífico","Toribío"
"400","19824","Cauca","19",404.47045945,25137,47,"Región Pacífico","Totoró"
"401","19845","Cauca","19",81.62162048,21000,35,"Región Pacífico","Villa Rica"
"402","20001","Cesar","20",4185.7918013,513685,40,"Región Caribe","Valledupar"
"403","20011","Cesar","20",877.66663962,114569,42,"Región Caribe","Aguachica"
"404","20013","Cesar","20",1753.09250676,62864,50,"Región Caribe","Agustín Codazzi"
"405","20032","Cesar","20",637.90277265,20617,51,"Región Caribe","Astrea"
"406","20045","Cesar","20",1225.40113276,22542,58,"Región Caribe","Becerril"
"407","20060","Cesar","20",586.20917207,41825,45,"Región Caribe","Bosconia"
"408","20175","Cesar","20",1376.42532217,35269,53,"Región Caribe","Chimichagua"
"409","20178","Cesar","20",1114.48037122,28743,54,"Región Caribe","Chiriguaná"
"410","20228","Cesar","20",915.1712714,38617,51,"Región Caribe","Curumaní"
"411","20238","Cesar","20",956.4508359,30957,49,"Región Caribe","El Copey"
"412","20250","Cesar","20",813.93282122,39365,51,"Región Caribe","El Paso"
"413","20295","Cesar","20",326.88059474,15458,48,"Región Caribe","Gamarra"
"414","20310","Cesar","20",73.00612174,4469,39,"Región Caribe","González"
"415","20383","Cesar","20",802.87211404,17858,55,"Región Caribe","La Gloria"
"416","20400","Cesar","20",755.90675861,49052,51,"Región Caribe","La Jagua De Ibirico"
"417","20443","Cesar","20",136.78208517,10479,42,"Región Caribe","Manaure Balcón Del Cesar"
"418","20517","Cesar","20",531.84299144,19183,51,"Región Caribe","Pailitas"
"419","20550","Cesar","20",423.38737311,21564,49,"Región Caribe","Pelaya"
"420","20570","Cesar","20",743.8018203,28298,50,"Región Caribe","Pueblo Bello"
"421","20614","Cesar","20",549.43802067,17346,52,"Región Caribe","Río De Oro"
"422","20621","Cesar","20",1073.10115197,28758,52,"Región Caribe","La Paz"
"423","20710","Cesar","20",550.21154775,27449,49,"Región Caribe","San Alberto"
"424","20750","Cesar","20",645.99944462,19818,52,"Región Caribe","San Diego"
"425","20770","Cesar","20",993.29124301,27823,54,"Región Caribe","San Martín"
"426","20787","Cesar","20",513.29849259,15790,51,"Región Caribe","Tamalameque"
"427","23001","Córdoba","23",3136.58704395,498858,39,"Región Caribe","Montería"
"428","23068","Córdoba","23",1964.83882082,47057,53,"Región Caribe","Ayapel"
"429","23079","Córdoba","23",834.92703813,21274,53,"Región Caribe","Buenavista"
"430","23090","Córdoba","23",420.03970139,15385,47,"Región Caribe","Canalete"
"431","23162","Córdoba","23",290.84433337,107234,31,"Región Caribe","Cereté"
"432","23168","Córdoba","23",324.00306947,17738,46,"Región Caribe","Chimá"
"433","23182","Córdoba","23",626.18713046,48323,42,"Región Caribe","Chinú"
"434","23189","Córdoba","23",641.23960727,59871,42,"Región Caribe","Ciénaga De Oro"
"435","23300","Córdoba","23",88.26853651,19315,36,"Región Caribe","Cotorra"
"436","23350","Córdoba","23",287.04371714,15058,47,"Región Caribe","La Apartada"
"437","23417","Córdoba","23",950.99428938,114666,38,"Región Caribe","Lorica"
"438","23419","Córdoba","23",366.06479027,19038,47,"Región Caribe","Los Córdobas"
"439","23464","Córdoba","23",158.76277337,19876,40,"Región Caribe","Momil"
"440","23466","Córdoba","23",1551.16600939,83908,47,"Región Caribe","Montelíbano"
"441","23500","Córdoba","23",203.17288025,30242,39,"Región Caribe","Moñitos"
"442","23555","Córdoba","23",1140.62303334,64465,46,"Región Caribe","Planeta Rica"
"443","23570","Córdoba","23",849.27988741,36112,48,"Región Caribe","Pueblo Nuevo"
"444","23574","Córdoba","23",411.04173093,24036,46,"Región Caribe","Puerto Escondido"
"445","23580","Córdoba","23",1647.3563643,42835,53,"Región Caribe","Puerto Libertador"
"446","23586","Córdoba","23",117.73425289,17411,38,"Región Caribe","Purísima De La Concepción"
"447","23660","Córdoba","23",964.81454114,109052,41,"Región Caribe","Sahagún"
"448","23670","Córdoba","23",206.77031991,48215,31,"Región Caribe","San Andrés De Sotavento"
"449","23672","Córdoba","23",207.49037215,34520,38,"Región Caribe","San Antero"
"450","23675","Córdoba","23",315.97198331,37052,40,"Región Caribe","San Bernardo Del Viento"
"451","23678","Córdoba","23",446.82063435,27174,47,"Región Caribe","San Carlos"
"452","23686","Córdoba","23",445.49118008,52481,42,"Región Caribe","San Pelayo"
"453","23807","Córdoba","23",4937.72293616,93873,55,"Región Caribe","Tierralta"
"454","23855","Córdoba","23",919.25919955,36042,48,"Región Caribe","Valencia"
"455","25001","Cundinamarca","25",85.7453277,11966,35,"Región Centro Oriente","Agua De Dios"
"456","25019","Cundinamarca","25",50.83509982,6650,36,"Región Centro Oriente","Albán"
"457","25035","Cundinamarca","25",123.95549005,15315,38,"Región Centro Oriente","Anapoima"
"458","25040","Cundinamarca","25",120.95234711,14161,37,"Región Centro Oriente","Anolaima"
"459","25053","Cundinamarca","25",142.45996723,10825,38,"Región Centro Oriente","Arbeláez"
"460","25086","Cundinamarca","25",176.84598708,1832,55,"Región Centro Oriente","Beltrán"
"461","25095","Cundinamarca","25",61.0461936,2507,44,"Región Centro Oriente","Bituima"
"462","25099","Cundinamarca","25",102.31988131,10524,38,"Región Centro Oriente","Bojacá"
"463","25120","Cundinamarca","25",421.83959263,4885,55,"Región Centro Oriente","Cabrera"
"464","25123","Cundinamarca","25",53.45261554,10324,32,"Región Centro Oriente","Cachipay"
"465","25126","Cundinamarca","25",51.27563121,87866,21,"Región Centro Oriente","Cajicá"
"466","25148","Cundinamarca","25",615.66759762,12714,50,"Región Centro Oriente","Caparrapí"
"467","25151","Cundinamarca","25",111.50681966,17480,33,"Región Centro Oriente","Cáqueza"
"468","25154","Cundinamarca","25",298.54906407,7733,49,"Región Centro Oriente","Carmen De Carupa"
"469","25168","Cundinamarca","25",172.02672254,4255,49,"Región Centro Oriente","Chaguaní"
"470","25175","Cundinamarca","25",80.15804066,141308,18,"Región Centro Oriente","Chía"
"471","25178","Cundinamarca","25",150.54955403,9748,40,"Región Centro Oriente","Chipaque"
"472","25181","Cundinamarca","25",212.42009623,11213,42,"Región Centro Oriente","Choachí"
"473","25183","Cundinamarca","25",300.19389865,21425,42,"Región Centro Oriente","Chocontá"
"474","25200","Cundinamarca","25",132.88038205,23286,36,"Región Centro Oriente","Cogua"
"475","25214","Cundinamarca","25",53.67739272,34948,27,"Región Centro Oriente","Cota"
"476","25224","Cundinamarca","25",109.84017355,7935,43,"Región Centro Oriente","Cucunubá"
"477","25245","Cundinamarca","25",118.27964495,25047,33,"Región Centro Oriente","El Colegio"
"478","25258","Cundinamarca","25",134.09099836,4710,47,"Región Centro Oriente","El Peñón"
"479","25260","Cundinamarca","25",87.21297255,23417,34,"Región Centro Oriente","El Rosal"
"480","25269","Cundinamarca","25",158.0207331,148001,22,"Región Centro Oriente","Facatativá"
"481","25279","Cundinamarca","25",460.17535188,12367,47,"Región Centro Oriente","Fómeque"
"482","25281","Cundinamarca","25",111.20354527,5892,40,"Región Centro Oriente","Fosca"
"483","25286","Cundinamarca","25",67.75368968,99387,20,"Región Centro Oriente","Funza"
"484","25288","Cundinamarca","25",77.46122838,5047,43,"Región Centro Oriente","Fúquene"
"485","25290","Cundinamarca","25",193.95287674,146556,23,"Región Centro Oriente","Fusagasugá"
"486","25293","Cundinamarca","25",384.9970873,4386,53,"Región Centro Oriente","Gachalá"
"487","25295","Cundinamarca","25",43.05740685,18264,31,"Región Centro Oriente","Gachancipá"
"488","25297","Cundinamarca","25",258.86202298,8439,45,"Región Centro Oriente","Gachetá"
"489","25299","Cundinamarca","25",107.68679831,3152,46,"Región Centro Oriente","Gama"
"490","25307","Cundinamarca","25",130.15534622,105379,22,"Región Centro Oriente","Girardot"
"491","25312","Cundinamarca","25",60.70497778,7566,35,"Región Centro Oriente","Granada"
"492","25317","Cundinamarca","25",170.17330358,13749,43,"Región Centro Oriente","Guachetá"
"493","25320","Cundinamarca","25",763.67586395,31869,46,"Región Centro Oriente","Guaduas"
"494","25322","Cundinamarca","25",360.58852085,16166,46,"Región Centro Oriente","Guasca"
"495","25324","Cundinamarca","25",90.95220287,2811,48,"Región Centro Oriente","Guataquí"
"496","25326","Cundinamarca","25",252.36806197,6561,48,"Región Centro Oriente","Guatavita"
"497","25328","Cundinamarca","25",61.87344864,4587,42,"Región Centro Oriente","Guayabal De Síquima"
"498","25335","Cundinamarca","25",222.81782658,6485,48,"Región Centro Oriente","Guayabetal"
"499","25339","Cundinamarca","25",453.22549053,3478,56,"Región Centro Oriente","Gutiérrez"
"500","25368","Cundinamarca","25",221.86018197,2283,54,"Región Centro Oriente","Jerusalén"
"501","25372","Cundinamarca","25",343.82555376,5920,48,"Región Centro Oriente","Junín"
"502","25377","Cundinamarca","25",326.50993553,31432,40,"Región Centro Oriente","La Calera"
"503","25386","Cundinamarca","25",148.19873476,34465,33,"Región Centro Oriente","La Mesa"
"504","25394","Cundinamarca","25",190.7906933,9588,44,"Región Centro Oriente","La Palma"
"505","25398","Cundinamarca","25",128.47071695,5976,43,"Región Centro Oriente","La Peña"
"506","25402","Cundinamarca","25",155.43755745,17830,39,"Región Centro Oriente","La Vega"
"507","25407","Cundinamarca","25",155.6303769,10424,43,"Región Centro Oriente","Lenguazaque"
"508","25426","Cundinamarca","25",229.20747739,6171,48,"Región Centro Oriente","Machetá"
"509","25430","Cundinamarca","25",119.58191688,120067,24,"Región Centro Oriente","Madrid"
"510","25436","Cundinamarca","25",107.90651222,3795,45,"Región Centro Oriente","Manta"
"511","25438","Cundinamarca","25",1196.74948999,8064,58,"Región Centro Oriente","Medina"
"512","25473","Cundinamarca","25",105.93888875,141171,23,"Región Centro Oriente","Mosquera"
"513","25483","Cundinamarca","25",55.16262691,2395,45,"Región Centro Oriente","Nariño"
"514","25486","Cundinamarca","25",98.36503989,13868,38,"Región Centro Oriente","Nemocón"
"515","25488","Cundinamarca","25",224.73208637,11441,41,"Región Centro Oriente","Nilo"
"516","25489","Cundinamarca","25",59.49982456,3665,39,"Región Centro Oriente","Nimaima"
"517","25491","Cundinamarca","25",68.93823303,6317,37,"Región Centro Oriente","Nocaima"
"518","25506","Cundinamarca","25",122.20331678,4320,45,"Región Centro Oriente","Venecia"
"519","25513","Cundinamarca","25",402.62677712,25046,42,"Región Centro Oriente","Pacho"
"520","25518","Cundinamarca","25",173.63571119,4206,48,"Región Centro Oriente","Paime"
"521","25524","Cundinamarca","25",71.69758309,5146,40,"Región Centro Oriente","Pandi"
"522","25530","Cundinamarca","25",885.53370336,8786,59,"Región Centro Oriente","Paratebueno"
"523","25535","Cundinamarca","25",271.71161198,9341,42,"Región Centro Oriente","Pasca"
"524","25572","Cundinamarca","25",515.94145456,16058,49,"Región Centro Oriente","Puerto Salgar"
"525","25580","Cundinamarca","25",197.68788457,3369,52,"Región Centro Oriente","Pulí"
"526","25592","Cundinamarca","25",79.85642952,4807,42,"Región Centro Oriente","Quebradanegra"
"527","25594","Cundinamarca","25",137.83551298,5176,42,"Región Centro Oriente","Quetame"
"528","25596","Cundinamarca","25",127.71713494,6380,41,"Región Centro Oriente","Quipile"
"529","25599","Cundinamarca","25",121.98690331,8457,41,"Región Centro Oriente","Apulo"
"530","25612","Cundinamarca","25",128.2975197,13652,41,"Región Centro Oriente","Ricaurte"
"531","25645","Cundinamarca","25",88.56564868,12340,34,"Región Centro Oriente","San Antonio Del Tequendama"
"532","25649","Cundinamarca","25",247.01261762,8703,43,"Región Centro Oriente","San Bernardo"
"533","25653","Cundinamarca","25",287.80794531,4892,52,"Región Centro Oriente","San Cayetano"
"534","25658","Cundinamarca","25",118.74598286,11316,41,"Región Centro Oriente","San Francisco"
"535","25662","Cundinamarca","25",314.08727396,8324,47,"Región Centro Oriente","San Juan De Rioseco"
"536","25718","Cundinamarca","25",111.61525364,11104,39,"Región Centro Oriente","Sasaima"
"537","25736","Cundinamarca","25",141.14774932,12052,41,"Región Centro Oriente","Sesquilé"
"538","25740","Cundinamarca","25",122.1326726,35102,28,"Región Centro Oriente","Sibaté"
"539","25743","Cundinamarca","25",162.57452807,22550,34,"Región Centro Oriente","Silvania"
"540","25745","Cundinamarca","25",96.7155455,13465,39,"Región Centro Oriente","Simijaca"
"541","25754","Cundinamarca","25",187.44595436,709276,12,"Región Centro Oriente","Soacha"
"542","25758","Cundinamarca","25",111.08048922,27456,32,"Región Centro Oriente","Sopó"
"543","25769","Cundinamarca","25",209.21729148,16183,41,"Región Centro Oriente","Subachoque"
"544","25772","Cundinamarca","25",173.0689862,17902,40,"Región Centro Oriente","Suesca"
"545","25777","Cundinamarca","25",130.38967354,5361,46,"Región Centro Oriente","Supatá"
"546","25779","Cundinamarca","25",104.15457146,6769,40,"Región Centro Oriente","Susa"
"547","25781","Cundinamarca","25",64.85053814,6169,42,"Región Centro Oriente","Sutatausa"
"548","25785","Cundinamarca","25",75.19839528,22983,30,"Región Centro Oriente","Tabio"
"549","25793","Cundinamarca","25",201.86641634,8354,46,"Región Centro Oriente","Tausa"
"550","25797","Cundinamarca","25",51.43734552,10065,34,"Región Centro Oriente","Tena"
"551","25799","Cundinamarca","25",114.23607382,23052,34,"Región Centro Oriente","Tenjo"
"552","25805","Cundinamarca","25",84.75227305,4477,41,"Región Centro Oriente","Tibacuy"
"553","25807","Cundinamarca","25",56.54739447,3207,44,"Región Centro Oriente","Tibirita"
"554","25815","Cundinamarca","25",245.8345215,16136,40,"Región Centro Oriente","Tocaima"
"555","25817","Cundinamarca","25",73.24008721,43020,28,"Región Centro Oriente","Tocancipá"
"556","25823","Cundinamarca","25",143.71079231,4189,48,"Región Centro Oriente","Topaipí"
"557","25839","Cundinamarca","25",522.45862443,7696,46,"Región Centro Oriente","Ubalá"
"558","25841","Cundinamarca","25",107.09078877,6875,40,"Región Centro Oriente","Ubaque"
"559","25843","Cundinamarca","25",102.27688028,44802,29,"Región Centro Oriente","Villa De San Diego De Ubaté"
"560","25845","Cundinamarca","25",209.12826861,7144,43,"Región Centro Oriente","Une"
"561","25851","Cundinamarca","25",92.08432173,4324,43,"Región Centro Oriente","Útica"
"562","25862","Cundinamarca","25",144.65077516,6975,43,"Región Centro Oriente","Vergara"
"563","25867","Cundinamarca","25",67.11837694,4497,42,"Región Centro Oriente","Vianí"
"564","25871","Cundinamarca","25",62.96892692,1783,47,"Región Centro Oriente","Villagómez"
"565","25873","Cundinamarca","25",226.15993867,17796,42,"Región Centro Oriente","Villapinzón"
"566","25875","Cundinamarca","25",140.88722611,27986,34,"Región Centro Oriente","Villeta"
"567","25878","Cundinamarca","25",201.3298269,13508,40,"Región Centro Oriente","Viotá"
"568","25885","Cundinamarca","25",956.7832746,12367,54,"Región Centro Oriente","Yacopí"
"569","25898","Cundinamarca","25",54.27038247,4836,38,"Región Centro Oriente","Zipacón"
"570","25899","Cundinamarca","25",194.82043432,138654,25,"Región Centro Oriente","Zipaquirá"
"571","27001","Chocó","27",3507.12280947,130042,47,"Región Pacífico","Quibdó"
"572","27006","Chocó","27",797.63756232,14085,58,"Región Pacífico","Acandí"
"573","27025","Chocó","27",2050.41671438,27982,56,"Región Pacífico","Alto Baudó"
"574","27050","Chocó","27",421.56667641,6145,53,"Región Pacífico","Atrato"
"575","27073","Chocó","27",807.45420576,11149,56,"Región Pacífico","Bagadó"
"576","27075","Chocó","27",895.29847091,10207,60,"Región Pacífico","Bahía Solano"
"577","27077","Chocó","27",3479.25484894,30263,65,"Región Pacífico","Bajo Baudó"
"578","27099","Chocó","27",3630.65458604,12212,69,"Región Pacífico","Bojayá"
"579","27135","Chocó","27",380.49573095,6210,54,"Región Pacífico","El Cantón Del San Pablo"
"580","27150","Chocó","27",3180.69457893,18930,74,"Región Pacífico","Carmen Del Darién"
"581","27160","Chocó","27",423.35406736,5705,51,"Región Pacífico","Cértegui"
"582","27205","Chocó","27",467.71740478,12464,50,"Región Pacífico","Condoto"
"583","27245","Chocó","27",830.18092904,8197,53,"Región Pacífico","El Carmen De Atrato"
"584","27250","Chocó","27",4134.97895532,22242,67,"Región Pacífico","El Litoral Del San Juan"
"585","27361","Chocó","27",1879.96677361,30739,57,"Región Pacífico","Istmina"
"586","27372","Chocó","27",1252.15064599,6774,71,"Región Pacífico","Juradó"
"587","27413","Chocó","27",842.90904894,9850,55,"Región Pacífico","Lloró"
"588","27425","Chocó","27",1812.93290111,10817,56,"Región Pacífico","Medio Atrato"
"589","27430","Chocó","27",1372.04441067,15405,60,"Región Pacífico","Medio Baudó"
"590","27450","Chocó","27",660.55836166,10718,53,"Región Pacífico","Medio San Juan"
"591","27491","Chocó","27",944.33194813,9116,59,"Región Pacífico","Nóvita"
"592","27495","Chocó","27",704.08794484,16459,59,"Región Pacífico","Nuquí"
"593","27580","Chocó","27",325.10858975,5537,50,"Región Pacífico","Río Iró"
"594","27600","Chocó","27",698.95677901,8355,57,"Región Pacífico","Río Quito"
"595","27615","Chocó","27",7607.55093003,54458,73,"Región Pacífico","Riosucio"
"596","27660","Chocó","27",1582.20973626,5015,66,"Región Pacífico","San José Del Palmar"
"597","27745","Chocó","27",1580.67425506,3202,69,"Región Pacífico","Sipí"
"598","27787","Chocó","27",714.82821081,17925,51,"Región Pacífico","Tadó"
"599","27800","Chocó","27",1190.32119604,12821,58,"Región Pacífico","Unguía"
"600","27810","Chocó","27",177.75984118,6909,47,"Región Pacífico","Unión Panamericana"
"601","41001","Huila","41",1269.82716707,361049,32,"Región Centro Sur","Neiva"
"602","41006","Huila","41",540.51687453,25046,47,"Región Centro Sur","Acevedo"
"603","41013","Huila","41",273.73164832,8866,50,"Región Centro Sur","Agrado"
"604","41016","Huila","41",795.63062496,16361,50,"Región Centro Sur","Aipe"
"605","41020","Huila","41",589.68898703,22498,48,"Región Centro Sur","Algeciras"
"606","41026","Huila","41",180.97556357,4323,54,"Región Centro Sur","Altamira"
"607","41078","Huila","41",786.00202477,8282,57,"Región Centro Sur","Baraya"
"608","41132","Huila","41",462.79933783,31195,43,"Región Centro Sur","Campoalegre"
"609","41206","Huila","41",1584.96991787,7136,60,"Región Centro Sur","Colombia"
"610","41244","Huila","41",80.4417432,4257,48,"Región Centro Sur","Elías"
"611","41298","Huila","41",606.52117137,73292,40,"Región Centro Sur","Garzón"
"612","41306","Huila","41",503.703102,24634,45,"Región Centro Sur","Gigante"
"613","41319","Huila","41",249.60733873,18104,44,"Región Centro Sur","Guadalupe"
"614","41349","Huila","41",194.23339809,7335,49,"Región Centro Sur","Hobo"
"615","41357","Huila","41",356.51547983,9291,50,"Región Centro Sur","Íquira"
"616","41359","Huila","41",370.65656623,25463,44,"Región Centro Sur","Isnos"
"617","41378","Huila","41",356.42110062,13021,49,"Región Centro Sur","La Argentina"
"618","41396","Huila","41",814.65092121,61735,44,"Región Centro Sur","La Plata"
"619","41483","Huila","41",131.94003053,6520,46,"Región Centro Sur","Nátaga"
"620","41503","Huila","41",155.81260716,11779,43,"Región Centro Sur","Oporapa"
"621","41518","Huila","41",278.31076075,6655,54,"Región Centro Sur","Paicol"
"622","41524","Huila","41",884.26636483,26590,49,"Región Centro Sur","Palermo"
"623","41530","Huila","41",178.21745571,11282,45,"Región Centro Sur","Palestina"
"624","41548","Huila","41",193.66004805,13851,44,"Región Centro Sur","Pital"
"625","41551","Huila","41",630.6659366,126682,37,"Región Centro Sur","Pitalito"
"626","41615","Huila","41",251.2301651,24757,46,"Región Centro Sur","Rivera"
"627","41660","Huila","41",466.64490866,10502,52,"Región Centro Sur","Saladoblanco"
"628","41668","Huila","41",1390.43219055,33391,53,"Región Centro Sur","San Agustín"
"629","41676","Huila","41",339.37958933,10422,49,"Región Centro Sur","Santa María"
"630","41770","Huila","41",429.66717384,22342,50,"Región Centro Sur","Suaza"
"631","41791","Huila","41",362.81183634,17587,47,"Región Centro Sur","Tarqui"
"632","41797","Huila","41",367.02538714,10815,52,"Región Centro Sur","Tesalia"
"633","41799","Huila","41",530.39938957,11775,51,"Región Centro Sur","Tello"
"634","41801","Huila","41",471.73435368,8064,55,"Región Centro Sur","Teruel"
"635","41807","Huila","41",185.72708538,21921,40,"Región Centro Sur","Timaná"
"636","41872","Huila","41",543.92692149,7247,55,"Región Centro Sur","Villavieja"
"637","41885","Huila","41",332.91537649,7774,51,"Región Centro Sur","Yaguará"
"638","44001","La Guajira","44",3088.71092238,195747,44,"Región Caribe","Riohacha"
"639","44035","La Guajira","44",546.02655249,30848,48,"Región Caribe","Albania"
"640","44078","La Guajira","44",800.94176484,37170,49,"Región Caribe","Barrancas"
"641","44090","La Guajira","44",1749.97806851,40051,55,"Región Caribe","Dibulla"
"642","44098","La Guajira","44",231.87284126,13706,45,"Región Caribe","Distracción"
"643","44110","La Guajira","44",242.18481458,7574,49,"Región Caribe","El Molino"
"644","44279","La Guajira","44",473.52241624,43728,45,"Región Caribe","Fonseca"
"645","44378","La Guajira","44",214.63991721,21151,43,"Región Caribe","Hatonuevo"
"646","44420","La Guajira","44",179.59079648,3686,54,"Región Caribe","La Jagua Del Pilar"
"647","44430","La Guajira","44",1768.71981226,178832,44,"Región Caribe","Maicao"
"648","44560","La Guajira","44",1619.65545669,88881,48,"Región Caribe","Manaure"
"649","44650","La Guajira","44",1313.68836144,48387,50,"Región Caribe","San Juan Del Cesar"
"650","44847","La Guajira","44",7886.05807696,177815,57,"Región Caribe","Uribia"
"651","44855","La Guajira","44",246.2746095,11114,45,"Región Caribe","Urumita"
"652","44874","La Guajira","44",260.09593663,28816,41,"Región Caribe","Villanueva"
"653","47001","Magdalena","47",2347.13928928,521239,33,"Región Caribe","Santa Marta"
"654","47030","Magdalena","47",406.3883775,16194,49,"Región Caribe","Algarrobo"
"655","47053","Magdalena","47",1740.83847822,40726,50,"Región Caribe","Aracataca"
"656","47058","Magdalena","47",1131.74423754,31077,50,"Región Caribe","Ariguaní"
"657","47161","Magdalena","47",177.19613158,9885,44,"Región Caribe","Cerro De San Antonio"
"658","47170","Magdalena","47",536.54374061,22715,49,"Región Caribe","Chivolo"
"659","47189","Magdalena","47",1324.77726918,122285,39,"Región Caribe","Ciénaga"
"660","47205","Magdalena","47",109.48370602,10908,40,"Región Caribe","Concordia"
"661","47245","Magdalena","47",814.87333087,67811,45,"Región Caribe","El Banco"
"662","47258","Magdalena","47",557.14237706,23400,48,"Región Caribe","El Piñón"
"663","47268","Magdalena","47",262.18227685,20455,40,"Región Caribe","El Retén"
"664","47288","Magdalena","47",971.90123504,68681,42,"Región Caribe","Fundación"
"665","47318","Magdalena","47",564.49241709,27345,47,"Región Caribe","Guamal"
"666","47460","Magdalena","47",842.05095637,20485,53,"Región Caribe","Nueva Granada"
"667","47541","Magdalena","47",325.47994473,9225,50,"Región Caribe","Pedraza"
"668","47545","Magdalena","47",661.56415402,12548,52,"Región Caribe","Pijiño Del Carmen"
"669","47551","Magdalena","47",1640.4444537,38203,50,"Región Caribe","Pivijay"
"670","47555","Magdalena","47",1457.33827748,63026,48,"Región Caribe","Plato"
"671","47570","Magdalena","47",675.46864031,31151,45,"Región Caribe","Puebloviejo"
"672","47605","Magdalena","47",594.93120048,11702,52,"Región Caribe","Remolino"
"673","47660","Magdalena","47",1238.96717389,16247,56,"Región Caribe","Sabanas De San Ángel"
"674","47675","Magdalena","47",170.47864124,11043,43,"Región Caribe","Salamina"
"675","47692","Magdalena","47",437.64556835,20171,48,"Región Caribe","San Sebastián De Buenavista"
"676","47703","Magdalena","47",268.8830035,12104,49,"Región Caribe","San Zenón"
"677","47707","Magdalena","47",1120.4373424,25750,52,"Región Caribe","Santa Ana"
"678","47720","Magdalena","47",494.70419275,10977,51,"Región Caribe","Santa Bárbara De Pinto"
"679","47745","Magdalena","47",970.90464516,28254,47,"Región Caribe","Sitionuevo"
"680","47798","Magdalena","47",492.19925738,13354,50,"Región Caribe","Tenerife"
"681","47960","Magdalena","47",353.276259,10293,50,"Región Caribe","Zapayán"
"682","47980","Magdalena","47",446.46211795,71578,35,"Región Caribe","Zona Bananera"
"683","50001","Meta","50",1285.87935359,538824,30,"Región Llano","Villavicencio"
"684","50006","Meta","50",1123.73792942,90124,43,"Región Llano","Acacías"
"685","50110","Meta","50",403.81886311,6513,60,"Región Llano","Barranca De Upía"
"686","50124","Meta","50",913.66250933,6130,65,"Región Llano","Cabuyaro"
"687","50150","Meta","50",514.6859666,15186,54,"Región Llano","Castilla La Nueva"
"688","50223","Meta","50",1157.8652462,7019,62,"Región Llano","Cubarral"
"689","50226","Meta","50",625.0924459,23014,49,"Región Llano","Cumaral"
"690","50245","Meta","50",277.85164762,1696,56,"Región Llano","El Calvario"
"691","50251","Meta","50",568.21805564,7619,55,"Región Llano","El Castillo"
"692","50270","Meta","50",117.34108343,3932,48,"Región Llano","El Dorado"
"693","50287","Meta","50",570.99121767,12266,53,"Región Llano","Fuente De Oro"
"694","50313","Meta","50",348.31178758,69770,36,"Región Llano","Granada"
"695","50318","Meta","50",595.70391831,14298,52,"Región Llano","Guamal"
"696","50325","Meta","50",11949.0284041,7086,78,"Región Llano","Mapiripán"
"697","50330","Meta","50",2280.62999025,10706,64,"Región Llano","Mesetas"
"698","50350","Meta","50",10839.3339304,27534,72,"Región Llano","La Macarena"
"699","50370","Meta","50",6437.20868907,9388,71,"Región Llano","Uribe"
"700","50400","Meta","50",815.42633461,11256,56,"Región Llano","Lejanías"
"701","50450","Meta","50",1242.93551683,8484,59,"Región Llano","Puerto Concordia"
"702","50568","Meta","50",17250.0831663,42677,78,"Región Llano","Puerto Gaitán"
"703","50573","Meta","50",6913.34657571,30301,65,"Región Llano","Puerto López"
"704","50577","Meta","50",2535.77420998,10359,66,"Región Llano","Puerto Lleras"
"705","50590","Meta","50",3428.13356997,12918,65,"Región Llano","Puerto Rico"
"706","50606","Meta","50",365.11661,18474,48,"Región Llano","Restrepo"
"707","50680","Meta","50",807.79479697,12598,59,"Región Llano","San Carlos De Guaroa"
"708","50683","Meta","50",1169.10460006,8948,60,"Región Llano","San Juan De Arama"
"709","50686","Meta","50",237.35085216,1266,57,"Región Llano","San Juanito"
"710","50689","Meta","50",5933.65235467,26571,67,"Región Llano","San Martín"
"711","50711","Meta","50",4819.21010773,17168,66,"Región Llano","Vistahermosa"
"712","52001","Nariño","52",1099.41143362,392748,32,"Región Pacífico","Pasto"
"713","52019","Nariño","52",38.61008739,9443,30,"Región Pacífico","Albán"
"714","52022","Nariño","52",47.64054844,7375,40,"Región Pacífico","Aldana"
"715","52036","Nariño","52",68.90636196,8678,40,"Región Pacífico","Ancuya"
"716","52051","Nariño","52",60.18576464,8431,40,"Región Pacífico","Arboleda"
"717","52079","Nariño","52",2732.9332761,56195,60,"Región Pacífico","Barbacoas"
"718","52083","Nariño","52",41.84540565,6311,39,"Región Pacífico","Belén"
"719","52110","Nariño","52",635.96083273,23909,48,"Región Pacífico","Buesaco"
"720","52203","Nariño","52",61.75052927,8403,38,"Región Pacífico","Colón"
"721","52207","Nariño","52",119.35363587,13761,43,"Región Pacífico","Consacá"
"722","52210","Nariño","52",43.20904594,7252,39,"Región Pacífico","Contadero"
"723","52215","Nariño","52",304.63446136,15496,49,"Región Pacífico","Córdoba"
"724","52224","Nariño","52",57.11859178,9199,40,"Región Pacífico","Cuaspud Carlosama"
"725","52227","Nariño","52",915.32764146,36975,52,"Región Pacífico","Cumbal"
"726","52233","Nariño","52",355.16697695,5843,51,"Región Pacífico","Cumbitara"
"727","52240","Nariño","52",146.27176111,15328,43,"Región Pacífico","Chachagüí"
"728","52250","Nariño","52",2490.66932541,22528,60,"Región Pacífico","El Charco"
"729","52254","Nariño","52",119.85744434,7443,46,"Región Pacífico","El Peñol"
"730","52256","Nariño","52",520.29155027,12169,54,"Región Pacífico","El Rosario"
"731","52258","Nariño","52",306.90261046,14296,48,"Región Pacífico","El Tablón De Gómez"
"732","52260","Nariño","52",247.35273444,13986,46,"Región Pacífico","El Tambo"
"733","52287","Nariño","52",394.76235663,7168,55,"Región Pacífico","Funes"
"734","52317","Nariño","52",155.66689654,19387,42,"Región Pacífico","Guachucal"
"735","52320","Nariño","52",116.73978241,11422,41,"Región Pacífico","Guaitarilla"
"736","52323","Nariño","52",29.96186568,7049,37,"Región Pacífico","Gualmatán"
"737","52352","Nariño","52",80.53153841,7646,42,"Región Pacífico","Iles"
"738","52354","Nariño","52",81.72986498,7530,43,"Región Pacífico","Imués"
"739","52356","Nariño","52",1571.75175458,115992,45,"Región Pacífico","Ipiales"
"740","52378","Nariño","52",238.84631918,18697,44,"Región Pacífico","La Cruz"
"741","52381","Nariño","52",136.31292026,9985,43,"Región Pacífico","La Florida"
"742","52385","Nariño","52",244.99828389,6481,53,"Región Pacífico","La Llanada"
"743","52390","Nariño","52",415.90904779,7441,54,"Región Pacífico","La Tola"
"744","52399","Nariño","52",142.15237731,31803,37,"Región Pacífico","La Unión"
"745","52405","Nariño","52",310.42044583,9653,49,"Región Pacífico","Leiva"
"746","52411","Nariño","52",135.6634468,10098,43,"Región Pacífico","Linares"
"747","52418","Nariño","52",956.86953807,9376,56,"Región Pacífico","Los Andes"
"748","52427","Nariño","52",1808.09579936,25214,61,"Región Pacífico","Magüí"
"749","52435","Nariño","52",569.04545354,8960,57,"Región Pacífico","Mallama"
"750","52473","Nariño","52",768.05222911,12283,57,"Región Pacífico","Mosquera"
"751","52480","Nariño","52",25.3128147,4355,43,"Región Pacífico","Nariño"
"752","52490","Nariño","52",1003.1174455,25282,52,"Región Pacífico","Olaya Herrera"
"753","52506","Nariño","52",64.8432117,7039,41,"Región Pacífico","Ospina"
"754","52520","Nariño","52",525.18401588,14176,55,"Región Pacífico","Francisco Pizarro"
"755","52540","Nariño","52",434.34130939,9827,51,"Región Pacífico","Policarpa"
"756","52560","Nariño","52",388.29955759,10197,50,"Región Pacífico","Potosí"
"757","52565","Nariño","52",39.94762088,5562,35,"Región Pacífico","Providencia"
"758","52573","Nariño","52",350.14397612,8450,53,"Región Pacífico","Puerres"
"759","52585","Nariño","52",129.65979837,17334,40,"Región Pacífico","Pupiales"
"760","52612","Nariño","52",1055.73278102,19885,58,"Región Pacífico","Ricaurte"
"761","52621","Nariño","52",1457.71594318,12681,59,"Región Pacífico","Roberto Payán"
"762","52678","Nariño","52",605.04394486,28380,44,"Región Pacífico","Samaniego"
"763","52683","Nariño","52",101.61251434,20184,35,"Región Pacífico","Sandoná"
"764","52685","Nariño","52",65.16451439,9186,35,"Región Pacífico","San Bernardo"
"765","52687","Nariño","52",249.14358916,18435,44,"Región Pacífico","San Lorenzo"
"766","52693","Nariño","52",111.85964388,15034,38,"Región Pacífico","San Pablo"
"767","52694","Nariño","52",55.64727657,6831,40,"Región Pacífico","San Pedro De Cartago"
"768","52696","Nariño","52",1224.57560616,13331,58,"Región Pacífico","Santa Bárbara"
"769","52699","Nariño","52",540.63261385,10939,50,"Región Pacífico","Santacruz"
"770","52720","Nariño","52",115.54851072,7277,46,"Región Pacífico","Sapuyes"
"771","52786","Nariño","52",234.65783497,17866,44,"Región Pacífico","Taminango"
"772","52788","Nariño","52",217.95976613,13397,47,"Región Pacífico","Tangua"
"773","52835","Nariño","52",3611.51083314,255783,30,"Región Pacífico","San Andrés De Tumaco"
"774","52838","Nariño","52",216.27234926,44650,37,"Región Pacífico","Túquerres"
"775","52885","Nariño","52",102.73515616,10946,42,"Región Pacífico","Yacuanquer"
"776","54001","Norte de Santander","54",1133.52594601,749197,29,"Región Centro Oriente","San José De Cúcuta"
"777","54003","Norte de Santander","54",1382.44975629,33003,52,"Región Centro Oriente","Ábrego"
"778","54051","Norte de Santander","54",456.14898855,9860,53,"Región Centro Oriente","Arboledas"
"779","54099","Norte de Santander","54",170.26704427,8529,48,"Región Centro Oriente","Bochalema"
"780","54109","Norte de Santander","54",270.79085907,6472,55,"Región Centro Oriente","Bucarasica"
"781","54125","Norte de Santander","54",138.92219018,2855,53,"Región Centro Oriente","Cácota"
"782","54128","Norte de Santander","54",615.81990466,11096,54,"Región Centro Oriente","Cáchira"
"783","54172","Norte de Santander","54",166.25413881,18176,42,"Región Centro Oriente","Chinácota"
"784","54174","Norte de Santander","54",1185.17804104,12042,59,"Región Centro Oriente","Chitagá"
"785","54206","Norte de Santander","54",931.92135593,19131,55,"Región Centro Oriente","Convención"
"786","54223","Norte de Santander","54",374.91054548,8307,52,"Región Centro Oriente","Cucutilla"
"787","54239","Norte de Santander","54",175.0128162,4693,52,"Región Centro Oriente","Durania"
"788","54245","Norte de Santander","54",1727.74295841,13648,60,"Región Centro Oriente","El Carmen"
"789","54250","Norte de Santander","54",704.10028661,21145,57,"Región Centro Oriente","El Tarra"
"790","54261","Norte de Santander","54",505.30409734,28240,48,"Región Centro Oriente","El Zulia"
"791","54313","Norte de Santander","54",149.0239078,7524,48,"Región Centro Oriente","Gramalote"
"792","54344","Norte de Santander","54",419.00493416,10342,53,"Región Centro Oriente","Hacarí"
"793","54347","Norte de Santander","54",106.95802481,7087,48,"Región Centro Oriente","Herrán"
"794","54377","Norte de Santander","54",256.03978606,6443,52,"Región Centro Oriente","Labateca"
"795","54385","Norte de Santander","54",669.89943971,11941,54,"Región Centro Oriente","La Esperanza"
"796","54398","Norte de Santander","54",242.21466725,7821,50,"Región Centro Oriente","La Playa"
"797","54405","Norte de Santander","54",127.58813309,93754,28,"Región Centro Oriente","Los Patios"
"798","54418","Norte de Santander","54",86.58733641,4091,48,"Región Centro Oriente","Lourdes"
"799","54480","Norte de Santander","54",158.80967491,4373,51,"Región Centro Oriente","Mutiscua"
"800","54498","Norte de Santander","54",522.5999579,124603,36,"Región Centro Oriente","Ocaña"
"801","54518","Norte de Santander","54",298.29409051,52240,36,"Región Centro Oriente","Pamplona"
"802","54520","Norte de Santander","54",170.93089437,5628,50,"Región Centro Oriente","Pamplonita"
"803","54553","Norte de Santander","54",44.94540103,8938,37,"Región Centro Oriente","Puerto Santander"
"804","54599","Norte de Santander","54",97.72577789,6149,44,"Región Centro Oriente","Ragonvalia"
"805","54660","Norte de Santander","54",493.91008949,10501,54,"Región Centro Oriente","Salazar"
"806","54670","Norte de Santander","54",398.02195262,12127,51,"Región Centro Oriente","San Calixto"
"807","54673","Norte de Santander","54",139.2816488,7442,49,"Región Centro Oriente","San Cayetano"
"808","54680","Norte de Santander","54",172.53818835,3537,56,"Región Centro Oriente","Santiago"
"809","54720","Norte de Santander","54",1467.70683028,26100,56,"Región Centro Oriente","Sardinata"
"810","54743","Norte de Santander","54",316.85540767,6380,54,"Región Centro Oriente","Silos"
"811","54800","Norte de Santander","54",927.05395631,17040,55,"Región Centro Oriente","Teorama"
"812","54810","Norte de Santander","54",2680.07291457,56510,58,"Región Centro Oriente","Tibú"
"813","54820","Norte de Santander","54",1480.66502911,15937,58,"Región Centro Oriente","Toledo"
"814","54871","Norte de Santander","54",401.05845167,5172,57,"Región Centro Oriente","Villa Caro"
"815","54874","Norte de Santander","54",90.61902907,107288,25,"Región Centro Oriente","Villa Del Rosario"
"816","63001","Quindio","63",121.61741615,300194,13,"Región Eje Cafetero","Armenia"
"817","63111","Quindio","63",38.45809947,3107,39,"Región Eje Cafetero","Buenavista"
"818","63130","Quindio","63",220.83628992,73872,28,"Región Eje Cafetero","Calarcá"
"819","63190","Quindio","63",90.32288746,28631,29,"Región Eje Cafetero","Circasia"
"820","63212","Quindio","63",92.97624817,5687,42,"Región Eje Cafetero","Córdoba"
"821","63272","Quindio","63",106.56200975,12154,35,"Región Eje Cafetero","Filandia"
"822","63302","Quindio","63",294.93771857,7455,46,"Región Eje Cafetero","Génova"
"823","63401","Quindio","63",89.37974557,34172,27,"Región Eje Cafetero","La Tebaida"
"824","63470","Quindio","63",149.05751226,37127,30,"Región Eje Cafetero","Montenegro"
"825","63548","Quindio","63",248.58261671,5146,48,"Región Eje Cafetero","Pijao"
"826","63594","Quindio","63",133.52035396,30911,30,"Región Eje Cafetero","Quimbaya"
"827","63690","Quindio","63",347.31994862,9399,49,"Región Eje Cafetero","Salento"
"828","66001","Risaralda","66",608.16599064,472406,21,"Región Eje Cafetero","Pereira"
"829","66045","Risaralda","66",149.98051137,12276,37,"Región Eje Cafetero","Apía"
"830","66075","Risaralda","66",119.48598487,6348,43,"Región Eje Cafetero","Balboa"
"831","66088","Risaralda","66",180.60043873,24660,34,"Región Eje Cafetero","Belén De Umbría"
"832","66170","Risaralda","66",70.12886684,220771,12,"Región Eje Cafetero","Dosquebradas"
"833","66318","Risaralda","66",100.82063905,12108,34,"Región Eje Cafetero","Guática"
"834","66383","Risaralda","66",92.47366148,7448,39,"Región Eje Cafetero","La Celia"
"835","66400","Risaralda","66",32.80121313,27916,20,"Región Eje Cafetero","La Virginia"
"836","66440","Risaralda","66",149.31913742,16782,34,"Región Eje Cafetero","Marsella"
"837","66456","Risaralda","66",564.7434802,17110,49,"Región Eje Cafetero","Mistrató"
"838","66572","Risaralda","66",613.76781319,16309,51,"Región Eje Cafetero","Pueblo Rico"
"839","66594","Risaralda","66",140.1300619,27235,32,"Región Eje Cafetero","Quinchía"
"840","66682","Risaralda","66",543.49262961,78636,35,"Región Eje Cafetero","Santa Rosa De Cabal"
"841","66687","Risaralda","66",190.86402368,12506,40,"Región Eje Cafetero","Santuario"
"842","68001","Santander","68",152.91568607,595635,11,"Región Centro Oriente","Bucaramanga"
"843","68013","Santander","68",75.23124792,1858,48,"Región Centro Oriente","Aguada"
"844","68020","Santander","68",166.21696603,4242,51,"Región Centro Oriente","Albania"
"845","68051","Santander","68",169.79155179,8368,45,"Región Centro Oriente","Aratoca"
"846","68077","Santander","68",46.66488698,31940,27,"Región Centro Oriente","Barbosa"
"847","68079","Santander","68",137.2758117,10674,44,"Región Centro Oriente","Barichara"
"848","68081","Santander","68",1326.83830229,207494,36,"Región Centro Oriente","Barrancabermeja"
"849","68092","Santander","68",431.24870865,6003,55,"Región Centro Oriente","Betulia"
"850","68101","Santander","68",1010.1258607,11073,56,"Región Centro Oriente","Bolívar"
"851","68121","Santander","68",65.57430937,1983,49,"Región Centro Oriente","Cabrera"
"852","68132","Santander","68",45.01345975,2186,47,"Región Centro Oriente","California"
"853","68147","Santander","68",85.28406397,5479,42,"Región Centro Oriente","Capitanejo"
"854","68152","Santander","68",258.94615159,4263,53,"Región Centro Oriente","Carcasí"
"855","68160","Santander","68",107.96710895,2018,52,"Región Centro Oriente","Cepitá"
"856","68162","Santander","68",421.08144251,6838,55,"Región Centro Oriente","Cerrito"
"857","68167","Santander","68",419.23135063,12256,50,"Región Centro Oriente","Charalá"
"858","68169","Santander","68",126.70625039,2883,50,"Región Centro Oriente","Charta"
"859","68176","Santander","68",173.21902206,2865,53,"Región Centro Oriente","Chima"
"860","68179","Santander","68",94.93681903,5084,45,"Región Centro Oriente","Chipatá"
"861","68190","Santander","68",3174.28853876,33750,58,"Región Centro Oriente","Cimitarra"
"862","68207","Santander","68",337.11991806,5738,54,"Región Centro Oriente","Concepción"
"863","68209","Santander","68",71.42170043,3233,48,"Región Centro Oriente","Confines"
"864","68211","Santander","68",137.17207648,3683,50,"Región Centro Oriente","Contratación"
"865","68217","Santander","68",577.49574601,5009,56,"Región Centro Oriente","Coromoro"
"866","68229","Santander","68",244.22273703,13028,46,"Región Centro Oriente","Curití"
"867","68235","Santander","68",924.0326235,21415,52,"Región Centro Oriente","El Carmen De Chucuri"
"868","68245","Santander","68",92.96763011,2119,52,"Región Centro Oriente","El Guacamayo"
"869","68250","Santander","68",398.21774664,5405,56,"Región Centro Oriente","El Peñón"
"870","68255","Santander","68",454.98192085,13882,49,"Región Centro Oriente","El Playón"
"871","68264","Santander","68",400.43269142,2567,61,"Región Centro Oriente","Encino"
"872","68266","Santander","68",74.81603233,3444,45,"Región Centro Oriente","Enciso"
"873","68271","Santander","68",176.59965513,5569,49,"Región Centro Oriente","Florián"
"874","68276","Santander","68",100.32773906,300730,14,"Región Centro Oriente","Floridablanca"
"875","68296","Santander","68",201.73157557,2883,54,"Región Centro Oriente","Galán"
"876","68298","Santander","68",608.23306615,4008,59,"Región Centro Oriente","Gámbita"
"877","68307","Santander","68",493.0298875,166843,31,"Región Centro Oriente","Girón"
"878","68318","Santander","68",302.39826382,5900,51,"Región Centro Oriente","Guaca"
"879","68320","Santander","68",146.33070938,4473,48,"Región Centro Oriente","Guadalupe"
"880","68322","Santander","68",67.30036397,2394,49,"Región Centro Oriente","Guapotá"
"881","68324","Santander","68",83.79545511,4200,45,"Región Centro Oriente","Guavatá"
"882","68327","Santander","68",30.15674861,5222,38,"Región Centro Oriente","Güepsa"
"883","68344","Santander","68",169.01757229,2349,55,"Región Centro Oriente","Hato"
"884","68368","Santander","68",89.59308517,3337,50,"Región Centro Oriente","Jesús María"
"885","68370","Santander","68",39.89917751,1325,49,"Región Centro Oriente","Jordán"
"886","68377","Santander","68",335.20158172,6174,52,"Región Centro Oriente","La Belleza"
"887","68385","Santander","68",590.2163864,10482,51,"Región Centro Oriente","Landázuri"
"888","68397","Santander","68",284.34697209,4921,52,"Región Centro Oriente","La Paz"
"889","68406","Santander","68",550.43323732,43145,43,"Región Centro Oriente","Lebrija"
"890","68418","Santander","68",290.12518836,14485,47,"Región Centro Oriente","Los Santos"
"891","68425","Santander","68",102.91750817,2125,51,"Región Centro Oriente","Macaravita"
"892","68432","Santander","68",57.18169557,21339,31,"Región Centro Oriente","Málaga"
"893","68444","Santander","68",235.74856786,4999,44,"Región Centro Oriente","Matanza"
"894","68464","Santander","68",483.97012733,10576,51,"Región Centro Oriente","Mogotes"
"895","68468","Santander","68",180.47170201,4105,49,"Región Centro Oriente","Molagavita"
"896","68498","Santander","68",75.22127909,5740,43,"Región Centro Oriente","Ocamonte"
"897","68500","Santander","68",286.06674772,11004,47,"Región Centro Oriente","Oiba"
"898","68502","Santander","68",489.22843694,4111,57,"Región Centro Oriente","Onzaga"
"899","68522","Santander","68",19.69444169,1386,37,"Región Centro Oriente","Palmar"
"900","68524","Santander","68",58.54111972,2584,47,"Región Centro Oriente","Palmas Del Socorro"
"901","68533","Santander","68",72.9811189,4773,45,"Región Centro Oriente","Páramo"
"902","68547","Santander","68",484.57230922,177586,32,"Región Centro Oriente","Piedecuesta"
"903","68549","Santander","68",55.53541904,5285,42,"Región Centro Oriente","Pinchote"
"904","68572","Santander","68",251.67854824,14740,45,"Región Centro Oriente","Puente Nacional"
"905","68573","Santander","68",762.34460068,7846,59,"Región Centro Oriente","Puerto Parra"
"906","68575","Santander","68",1507.9862462,33572,53,"Región Centro Oriente","Puerto Wilches"
"907","68615","Santander","68",1168.43222332,26746,51,"Región Centro Oriente","Rionegro"
"908","68655","Santander","68",1402.8700085,33887,55,"Región Centro Oriente","Sabana De Torres"
"909","68669","Santander","68",281.5588552,8613,48,"Región Centro Oriente","San Andrés"
"910","68673","Santander","68",59.11302218,2957,43,"Región Centro Oriente","San Benito"
"911","68679","Santander","68",146.87727411,58032,31,"Región Centro Oriente","San Gil"
"912","68682","Santander","68",143.13342696,2215,53,"Región Centro Oriente","San Joaquín"
"913","68684","Santander","68",75.30374323,4313,44,"Región Centro Oriente","San José De Miranda"
"914","68686","Santander","68",71.21134788,2494,48,"Región Centro Oriente","San Miguel"
"915","68689","Santander","68",1116.36060506,33414,49,"Región Centro Oriente","San Vicente De Chucurí"
"916","68705","Santander","68",221.21709441,2425,55,"Región Centro Oriente","Santa Bárbara"
"917","68720","Santander","68",373.85726248,3393,57,"Región Centro Oriente","Santa Helena Del Opón"
"918","68745","Santander","68",904.71295485,10138,58,"Región Centro Oriente","Simacota"
"919","68755","Santander","68",127.8258349,32965,34,"Región Centro Oriente","Socorro"
"920","68770","Santander","68",285.19553397,10086,48,"Región Centro Oriente","Suaita"
"921","68773","Santander","68",522.53920084,7103,54,"Región Centro Oriente","Sucre"
"922","68780","Santander","68",363.00877434,3977,58,"Región Centro Oriente","Suratá"
"923","68820","Santander","68",330.72628373,7562,52,"Región Centro Oriente","Tona"
"924","68855","Santander","68",81.11493889,6222,43,"Región Centro Oriente","Valle De San José"
"925","68861","Santander","68",447.6767281,24843,47,"Región Centro Oriente","Vélez"
"926","68867","Santander","68",92.42238639,2142,50,"Región Centro Oriente","Vetas"
"927","68872","Santander","68",97.60691327,7927,42,"Región Centro Oriente","Villanueva"
"928","68895","Santander","68",364.4185511,9507,49,"Región Centro Oriente","Zapatoca"
"929","70001","Sucre","70",279.97294538,286635,23,"Región Caribe","Sincelejo"
"930","70110","Sucre","70",146.49809594,10727,42,"Región Caribe","Buenavista"
"931","70124","Sucre","70",412.46980712,15668,51,"Región Caribe","Caimito"
"932","70204","Sucre","70",131.16269241,8670,45,"Región Caribe","Colosó"
"933","70215","Sucre","70",285.89446074,69268,34,"Región Caribe","Corozal"
"934","70221","Sucre","70",56.55515347,18892,33,"Región Caribe","Coveñas"
"935","70230","Sucre","70",83.71001483,4537,45,"Región Caribe","Chalán"
"936","70233","Sucre","70",198.43440202,10215,46,"Región Caribe","El Roble"
"937","70235","Sucre","70",321.85642596,22673,44,"Región Caribe","Galeras"
"938","70265","Sucre","70",361.8676371,18198,48,"Región Caribe","Guaranda"
"939","70400","Sucre","70",232.35039472,12701,47,"Región Caribe","La Unión"
"940","70418","Sucre","70",198.8844424,23420,40,"Región Caribe","Los Palmitos"
"941","70429","Sucre","70",845.15861198,37564,50,"Región Caribe","Majagual"
"942","70473","Sucre","70",170.01489701,15495,42,"Región Caribe","Morroa"
"943","70508","Sucre","70",460.04836197,23148,45,"Región Caribe","Ovejas"
"944","70523","Sucre","70",174.57019535,14635,43,"Región Caribe","Palmito"
"945","70670","Sucre","70",213.93770069,47746,35,"Región Caribe","Sampués"
"946","70678","Sucre","70",1494.16295579,29282,55,"Región Caribe","San Benito Abad"
"947","70702","Sucre","70",168.17557244,13892,42,"Región Caribe","San Juan De Betulia"
"948","70708","Sucre","70",970.35481214,59254,46,"Región Caribe","San Marcos"
"949","70713","Sucre","70",1035.07899305,50423,45,"Región Caribe","San Onofre"
"950","70717","Sucre","70",212.9948174,18920,41,"Región Caribe","San Pedro"
"951","70742","Sucre","70",418.97976977,31365,43,"Región Caribe","San Luis De Sincé"
"952","70771","Sucre","70",1131.18019269,30253,53,"Región Caribe","Sucre"
"953","70820","Sucre","70",302.51669186,33553,40,"Región Caribe","Santiago De Tolú"
"954","70823","Sucre","70",285.01589128,21850,42,"Región Caribe","San José De Toluviejo"
"955","73001","Tolima","73",1377.25137736,536087,27,"Región Centro Sur","Ibagué"
"956","73024","Tolima","73",501.5113202,4493,57,"Región Centro Sur","Alpujarra"
"957","73026","Tolima","73",344.33559262,8710,48,"Región Centro Sur","Alvarado"
"958","73030","Tolima","73",238.04483788,6596,47,"Región Centro Sur","Ambalema"
"959","73043","Tolima","73",469.71132542,10110,46,"Región Centro Sur","Anzoátegui"
"960","73055","Tolima","73",440.63084363,12335,48,"Región Centro Sur","Armero"
"961","73067","Tolima","73",1017.64443733,19195,51,"Región Centro Sur","Ataco"
"962","73124","Tolima","73",508.49091081,18443,45,"Región Centro Sur","Cajamarca"
"963","73148","Tolima","73",190.83613055,10306,45,"Región Centro Sur","Carmen De Apicalá"
"964","73152","Tolima","73",175.29617919,6326,45,"Región Centro Sur","Casabianca"
"965","73168","Tolima","73",2102.06323602,50565,50,"Región Centro Sur","Chaparral"
"966","73200","Tolima","73",343.59810611,8286,48,"Región Centro Sur","Coello"
"967","73217","Tolima","73",669.055687,22610,46,"Región Centro Sur","Coyaima"
"968","73226","Tolima","73",507.51528262,8518,51,"Región Centro Sur","Cunday"
"969","73236","Tolima","73",651.95039954,8250,54,"Región Centro Sur","Dolores"
"970","73268","Tolima","73",216.49894583,70769,28,"Región Centro Sur","Espinal"
"971","73270","Tolima","73",181.32221342,7494,44,"Región Centro Sur","Falan"
"972","73275","Tolima","73",96.79717451,28510,30,"Región Centro Sur","Flandes"
"973","73283","Tolima","73",219.66147916,31124,36,"Región Centro Sur","Fresno"
"974","73319","Tolima","73",505.74382712,32826,41,"Región Centro Sur","Guamo"
"975","73347","Tolima","73",322.74343346,7266,48,"Región Centro Sur","Herveo"
"976","73349","Tolima","73",304.88691225,24585,40,"Región Centro Sur","Honda"
"977","73352","Tolima","73",215.18185508,11891,42,"Región Centro Sur","Icononzo"
"978","73408","Tolima","73",271.95447635,18598,41,"Región Centro Sur","Lérida"
"979","73411","Tolima","73",282.37261191,36432,35,"Región Centro Sur","Líbano"
"980","73443","Tolima","73",293.34315416,38084,38,"Región Centro Sur","San Sebastián De Mariquita"
"981","73449","Tolima","73",202.16042796,37191,34,"Región Centro Sur","Melgar"
"982","73461","Tolima","73",423.93217667,4129,54,"Región Centro Sur","Murillo"
"983","73483","Tolima","73",859.83002478,14722,50,"Región Centro Sur","Natagaima"
"984","73504","Tolima","73",953.80432456,34453,47,"Región Centro Sur","Ortega"
"985","73520","Tolima","73",65.01112946,9773,36,"Región Centro Sur","Palocabildo"
"986","73547","Tolima","73",354.42532016,6737,53,"Región Centro Sur","Piedras"
"987","73555","Tolima","73",1754.10183146,25785,53,"Región Centro Sur","Planadas"
"988","73563","Tolima","73",423.01300283,8443,51,"Región Centro Sur","Prado"
"989","73585","Tolima","73",402.20480783,23527,42,"Región Centro Sur","Purificación"
"990","73616","Tolima","73",2046.23379236,22660,54,"Región Centro Sur","Rioblanco"
"991","73622","Tolima","73",775.84952855,5467,58,"Región Centro Sur","Roncesvalles"
"992","73624","Tolima","73",739.47619525,21556,48,"Región Centro Sur","Rovira"
"993","73671","Tolima","73",193.22678055,14450,41,"Región Centro Sur","Saldaña"
"994","73675","Tolima","73",383.40696991,12691,46,"Región Centro Sur","San Antonio"
"995","73678","Tolima","73",412.22622694,13481,44,"Región Centro Sur","San Luis"
"996","73686","Tolima","73",270.18664067,5710,49,"Región Centro Sur","Santa Isabel"
"997","73770","Tolima","73",190.07818668,3788,49,"Región Centro Sur","Suárez"
"998","73854","Tolima","73",197.84640769,5353,47,"Región Centro Sur","Valle De San Juan"
"999","73861","Tolima","73",334.63275703,12751,43,"Región Centro Sur","Venadillo"
"1000","73870","Tolima","73",278.8499413,9216,45,"Región Centro Sur","Villahermosa"
"1001","73873","Tolima","73",430.46301234,5021,54,"Región Centro Sur","Villarrica"
"1002","76001","Valle","76",563.04091967,2241491,10,"Región Pacífico","Cali"
"1003","76020","Valle","76",62.35754539,14189,29,"Región Pacífico","Alcalá"
"1004","76036","Valle","76",110.46041792,22515,34,"Región Pacífico","Andalucía"
"1005","76041","Valle","76",305.45113843,17348,41,"Región Pacífico","Ansermanuevo"
"1006","76054","Valle","76",90.79604368,5258,41,"Región Pacífico","Argelia"
"1007","76100","Valle","76",743.57207248,15828,50,"Región Pacífico","Bolívar"
"1008","76109","Valle","76",6292.41025627,310194,44,"Región Pacífico","Buenaventura"
"1009","76111","Valle","76",825.8772487,128316,34,"Región Pacífico","Guadalajara De Buga"
"1010","76113","Valle","76",396.78132336,24400,43,"Región Pacífico","Bugalagrande"
"1011","76122","Valle","76",166.98368656,28609,33,"Región Pacífico","Caicedonia"
"1012","76126","Valle","76",793.49798184,18171,51,"Región Pacífico","Calima"
"1013","76130","Valle","76",296.47303499,93183,31,"Región Pacífico","Candelaria"
"1014","76147","Valle","76",248.2239721,136596,25,"Región Pacífico","Cartago"
"1015","76233","Valle","76",916.32479573,48758,46,"Región Pacífico","Dagua"
"1016","76243","Valle","76",187.81313564,8696,42,"Región Pacífico","El Águila"
"1017","76246","Valle","76",214.20335522,6637,45,"Región Pacífico","El Cairo"
"1018","76248","Valle","76",441.88858289,56835,36,"Región Pacífico","El Cerrito"
"1019","76250","Valle","76",235.41011735,8711,44,"Región Pacífico","El Dovio"
"1020","76275","Valle","76",401.55021138,57696,36,"Región Pacífico","Florida"
"1021","76306","Valle","76",268.73272309,22908,40,"Región Pacífico","Ginebra"
"1022","76318","Valle","76",162.4990753,33405,32,"Región Pacífico","Guacarí"
"1023","76364","Valle","76",628.9643411,164159,36,"Región Pacífico","Jamundí"
"1024","76377","Valle","76",255.41489424,16422,45,"Región Pacífico","La Cumbre"
"1025","76400","Valle","76",120.87494897,34244,30,"Región Pacífico","La Unión"
"1026","76403","Valle","76",264.69779853,11981,42,"Región Pacífico","La Victoria"
"1027","76497","Valle","76",214.67702708,12140,40,"Región Pacífico","Obando"
"1028","76520","Valle","76",1005.15343961,352016,29,"Región Pacífico","Palmira"
"1029","76563","Valle","76",356.73106135,47918,35,"Región Pacífico","Pradera"
"1030","76606","Valle","76",136.23201775,15295,37,"Región Pacífico","Restrepo"
"1031","76616","Valle","76",308.0877961,15483,42,"Región Pacífico","Riofrío"
"1032","76622","Valle","76",235.72665152,36767,35,"Región Pacífico","Roldanillo"
"1033","76670","Valle","76",202.12860464,17082,39,"Región Pacífico","San Pedro"
"1034","76736","Valle","76",537.18399278,41503,39,"Región Pacífico","Sevilla"
"1035","76823","Valle","76",175.7636534,14467,39,"Región Pacífico","Toro"
"1036","76828","Valle","76",307.64209369,19073,43,"Región Pacífico","Trujillo"
"1037","76834","Valle","76",909.35897223,215978,32,"Región Pacífico","Tuluá"
"1038","76845","Valle","76",41.86087745,5412,35,"Región Pacífico","Ulloa"
"1039","76863","Valle","76",200.59725955,7070,46,"Región Pacífico","Versalles"
"1040","76869","Valle","76",113.7739448,12817,39,"Región Pacífico","Vijes"
"1041","76890","Valle","76",327.80054567,16117,43,"Región Pacífico","Yotoco"
"1042","76892","Valle","76",230.58969895,108889,27,"Región Pacífico","Yumbo"
"1043","76895","Valle","76",367.93726727,42191,36,"Región Pacífico","Zarzal"
"1044","81001","Arauca","81",5787.99875183,91875,60,"Región Llano","Arauca"
"1045","81065","Arauca","81",3046.7880105,53407,59,"Región Llano","Arauquita"
"1046","81220","Arauca","81",5212.56909554,4042,83,"Región Llano","Cravo Norte"
"1047","81300","Arauca","81",1158.59610289,19659,55,"Región Llano","Fortul"
"1048","81591","Arauca","81",2281.46025241,4688,75,"Región Llano","Puerto Rondón"
"1049","81736","Arauca","81",945.13607096,59697,48,"Región Llano","Saravena"
"1050","81794","Arauca","81",5418.70888961,46741,61,"Región Llano","Tame"
"1051","85001","Casanare","85",2482.9386346,173610,48,"Región Llano","Yopal"
"1052","85010","Casanare","85",1442.50730707,37513,53,"Región Llano","Aguazul"
"1053","85015","Casanare","85",313.53253909,2571,63,"Región Llano","Chámeza"
"1054","85125","Casanare","85",5509.71245948,12203,74,"Región Llano","Hato Corozal"
"1055","85136","Casanare","85",199.89427732,1385,62,"Región Llano","La Salina"
"1056","85139","Casanare","85",3754.54852424,17359,69,"Región Llano","Maní"
"1057","85162","Casanare","85",779.17247398,17797,54,"Región Llano","Monterrey"
"1058","85225","Casanare","85",1101.81320304,8738,62,"Región Llano","Nunchía"
"1059","85230","Casanare","85",4753.48411814,12514,74,"Región Llano","Orocué"
"1060","85250","Casanare","85",12115.0422166,36861,73,"Región Llano","Paz De Ariporo"
"1061","85263","Casanare","85",780.47120354,12001,60,"Región Llano","Pore"
"1062","85279","Casanare","85",181.22675503,1718,56,"Región Llano","Recetor"
"1063","85300","Casanare","85",400.94205826,3583,59,"Región Llano","Sabanalarga"
"1064","85315","Casanare","85",312.23692703,2073,64,"Región Llano","Sácama"
"1065","85325","Casanare","85",2989.69529677,8378,71,"Región Llano","San Luis De Palenque"
"1066","85400","Casanare","85",1091.2312612,6671,62,"Región Llano","Támara"
"1067","85410","Casanare","85",2381.67339242,24445,61,"Región Llano","Tauramena"
"1068","85430","Casanare","85",2970.22769452,13350,68,"Región Llano","Trinidad"
"1069","85440","Casanare","85",833.88943151,35793,50,"Región Llano","Villanueva"
"1070","86001","Putumayo","86",1304.63788025,57716,52,"Región Centro Sur","Mocoa"
"1071","86219","Putumayo","86",64.27461837,5469,52,"Región Centro Sur","Colón"
"1072","86320","Putumayo","86",1939.39045513,38244,54,"Región Centro Sur","Orito"
"1073","86568","Putumayo","86",2819.15480478,66084,56,"Región Centro Sur","Puerto Asís"
"1074","86569","Putumayo","86",926.46599268,16033,57,"Región Centro Sur","Puerto Caicedo"
"1075","86571","Putumayo","86",4576.59155914,36052,66,"Región Centro Sur","Puerto Guzmán"
"1076","86573","Putumayo","86",10906.8768145,29001,77,"Región Centro Sur","Puerto Leguízamo"
"1077","86749","Putumayo","86",97.7346246,15217,39,"Región Centro Sur","Sibundoy"
"1078","86755","Putumayo","86",407.35674102,5585,56,"Región Centro Sur","San Francisco"
"1079","86757","Putumayo","86",379.74213265,19119,47,"Región Centro Sur","San Miguel"
"1080","86760","Putumayo","86",341.92381961,7284,52,"Región Centro Sur","Santiago"
"1081","86865","Putumayo","86",815.16156252,34082,47,"Región Centro Sur","Valle Del Guamuez"
"1082","86885","Putumayo","86",1396.97212975,23873,57,"Región Centro Sur","Villagarzón"
"1083","88001","San Andrés","88",27.13979276,56358,23,"Región Caribe","San Andrés"
"1084","88564","San Andrés","88",22.28445843,6124,41,"Región Caribe","Providencia"
"1085","91001","Amazonas","91",6182.41656034,48918,70,"Región Centro Sur","Leticia"
"1086","91263","Amazonas","91",10897.5467052,2077,89,"Región Centro Sur","El Encanto"
"1087","91405","Amazonas","91",12726.8679079,2947,92,"Región Centro Sur","La Chorrera"
"1088","91407","Amazonas","91",13668.2148943,3882,93,"Región Centro Sur","La Pedrera"
"1089","91430","Amazonas","91",1432.79497756,652,85,"Región Centro Sur","La Victoria"
"1090","91460","Amazonas","91",16867.5325378,1860,100,"Región Centro Sur","Mirití - Paraná"
"1091","91530","Amazonas","91",8494.18249382,759,96,"Región Centro Sur","Puerto Alegría"
"1092","91536","Amazonas","91",13791.3269857,1027,100,"Región Centro Sur","Puerto Arica"
"1093","91540","Amazonas","91",1509.20430199,9997,72,"Región Centro Sur","Puerto Nariño"
"1094","91669","Amazonas","91",14731.0884954,1765,96,"Región Centro Sur","Puerto Santander"
"1095","91798","Amazonas","91",9195.87793453,3869,90,"Región Centro Sur","Tarapacá"
"1096","94001","Guainía","94",15970.1985917,32673,81,"Región Llano","Inírida"
"1097","94343","Guainía","94",14395.6775467,8042,87,"Región Llano","Barrancominas"
"1098","94663","Guainía","94",NA,1048,84,"Región Llano","Mapiripana"
"1099","94883","Guainía","94",2926.36512082,1706,89,"Región Llano","San Felipe"
"1100","94884","Guainía","94",15700.7128072,1934,93,"Región Llano","Puerto Colombia"
"1101","94885","Guainía","94",1178.87068633,288,96,"Región Llano","La Guadalupe"
"1102","94886","Guainía","94",2335.32470461,886,85,"Región Llano","Cacahual"
"1103","94887","Guainía","94",10227.1467844,1959,93,"Región Llano","Pana Pana"
"1104","94888","Guainía","94",8555.05823926,937,100,"Región Llano","Morichal"
"1105","95001","Guaviare","95",16768.5151201,54333,70,"Región Llano","San José Del Guaviare"
"1106","95015","Guaviare","95",13556.4152169,9801,81,"Región Llano","Calamar"
"1107","95025","Guaviare","95",12442.2257713,13684,77,"Región Llano","El Retorno"
"1108","95200","Guaviare","95",12808.0770572,6898,81,"Región Llano","Miraflores"
"1109","97001","Vaupés","97",16215.7372637,31302,77,"Región Llano","Mitú"
"1110","97161","Vaupés","97",6368.48641769,3056,85,"Región Llano","Carurú"
"1111","97511","Vaupés","97",13993.2505744,4229,91,"Región Llano","Pacoa"
"1112","97666","Vaupés","97",6510.24656078,2318,97,"Región Llano","Taraira"
"1113","97777","Vaupés","97",5551.15354848,749,95,"Región Llano","Papunahua"
"1114","97889","Vaupés","97",4660.40564977,1067,92,"Región Llano","Yavaraté"
"1115","99001","Vichada","99",12204.9514008,20474,81,"Región Llano","Puerto Carreño"
"1116","99524","Vichada","99",18569.3376561,9799,85,"Región Llano","La Primavera"
"1117","99624","Vichada","99",3691.86919125,4130,81,"Región Llano","Santa Rosalía"
"1118","99773","Vichada","99",65597.2123539,76196,87,"Región Llano","Cumaribo"
